{"type":"FeatureCollection","features":[{"type":"Feature","properties":{"GEOID":"42101020500","tract":"Tract 205","median_rent":1265.0,"households":1663.0,"renter_households":1087.0,"renter_share":0.654},"geometry":{"type":"Polygon","coordinates":[[[-75.17567,40.01605],[-75.16914,40.00883],[-75.15385,40.01589],[-75.15479,40.01765],[-75.15609,40.01969],[-75.15802,40.02154],[-75.15903,40.0228],[-75.15955,40.02392],[-75.15988,40.02379],[-75.16246,40.02195],[-75.16267,40.02133],[-75.16273,40.0206],[-75.1629,40.02011],[-75.16316,40.01971],[-75.16376,40.01923],[-75.16601,40.01862],[-75.17078,40.01796],[-75.17194,40.01772],[-75.17294,40.0174],[-75.17404,40.01696],[-75.17567,40.01605]]]}},{"type":"Feature","properties":{"GEOID":"42101020600","tract":"Tract 206","median_rent":1506.0,"households":1025.0,"renter_households":766.0,"renter_share":0.747},"geometry":{"type":"Polygon","coordinates":[[[-75.1924,40.0205],[-75.19215,40.02032],[-75.19125,40.01938],[-75.19031,40.01896],[-75.19003,40.01873],[-75.1892,40.01771],[-75.18224,40.01168],[-75.17732,40.01507],[-75.17404,40.01696],[-75.17234,40.0176],[-75.18167,40.02566],[-75.19001,40.02252],[-75.1904,40.02229],[-75.1924,40.0205]]]}},{"type":"Feature","properties":{"GEOID":"42101020800","tract":"Tract 208","median_rent":1886.0,"households":1527.0,"renter_households":976.0,"renter_share":0.639},"geometry":{"type":"Polygon","coordinates":[[[-75.20585,40.01528],[-75.20614,40.01475],[-75.20487,40.0144],[-75.20337,40.0139],[-75.2028,40.01364],[-75.2021,40.01312],[-75.2018,40.01316],[-75.2013,40.01292],[-75.20109,40.01293],[-75.20028,40.01371],[-75.19632,40.0169],[-75.1904,40.02229],[-75.19001,40.02252],[-75.18167,40.02566],[-75.18546,40.02887],[-75.18606,40.02834],[-75.18569,40.02776],[-75.18601,40.02757],[-75.18746,40.0285],[-75.19323,40.025],[-75.19278,40.02427],[-75.19331,40.02409],[-75.19501,40.0232],[-75.19764,40.02146],[-75.19985,40.01937],[-75.20127,40.01719],[-75.20242,40.0158],[-75.20493,40.01502],[-75.20585,40.01528]]]}},{"type":"Feature","properties":{"GEOID":"42101000101","tract":"Tract 1.01","median_rent":2057.0,"households":1492.0,"renter_households":1114.0,"renter_share":0.747},"geometry":{"type":"Polygon","coordinates":[[[-75.15154,39.95295],[-75.15234,39.94942],[-75.14205,39.94812],[-75.14147,39.9517],[-75.15154,39.95295]]]}},{"type":"Feature","properties":{"GEOID":"42101000404","tract":"Tract 4.04","median_rent":2255.0,"households":2163.0,"renter_households":1156.0,"renter_share":0.534},"geometry":{"type":"Polygon","coordinates":[[[-75.17278,39.9556],[-75.17349,39.95205],[-75.16877,39.95147],[-75.16799,39.95501],[-75.17278,39.9556]]]}},{"type":"Feature","properties":{"GEOID":"42101012501","tract":"Tract 125.01","median_rent":2474.0,"households":1370.0,"renter_households":1370.0,"renter_share":1.0},"geometry":{"type":"Polygon","coordinates":[[[-75.16781,39.96331],[-75.16883,39.95863],[-75.16234,39.95782],[-75.16138,39.96223],[-75.16138,39.96247],[-75.16181,39.96257],[-75.16781,39.96331]]]}},{"type":"Feature","properties":{"GEOID":"42101000403","tract":"Tract 4.03","median_rent":2168.0,"households":698.0,"renter_households":211.0,"renter_share":0.302},"geometry":{"type":"Polygon","coordinates":[[[-75.16799,39.95501],[-75.16877,39.95147],[-75.16401,39.95088],[-75.16387,39.9515],[-75.16392,39.95156],[-75.164,39.95162],[-75.16505,39.95181],[-75.16524,39.952],[-75.1653,39.95228],[-75.16506,39.95361],[-75.16332,39.95335],[-75.16309,39.9544],[-75.16799,39.95501]]]}},{"type":"Feature","properties":{"GEOID":"42101000701","tract":"Tract 7.01","median_rent":2177.0,"households":1512.0,"renter_households":1169.0,"renter_share":0.773},"geometry":{"type":"Polygon","coordinates":[[[-75.17349,39.95205],[-75.17381,39.95053],[-75.16434,39.94935],[-75.16401,39.95088],[-75.17349,39.95205]]]}},{"type":"Feature","properties":{"GEOID":"42101000805","tract":"Tract 8.05","median_rent":2008.0,"households":1896.0,"renter_households":1418.0,"renter_share":0.748},"geometry":{"type":"Polygon","coordinates":[[[-75.17067,39.95013],[-75.17118,39.94778],[-75.16803,39.94739],[-75.16752,39.94974],[-75.17067,39.95013]]]}},{"type":"Feature","properties":{"GEOID":"42101000806","tract":"Tract 8.06","median_rent":2441.0,"households":1673.0,"renter_households":1266.0,"renter_share":0.757},"geometry":{"type":"Polygon","coordinates":[[[-75.16752,39.94974],[-75.16803,39.94739],[-75.16485,39.947],[-75.16434,39.94935],[-75.16752,39.94974]]]}},{"type":"Feature","properties":{"GEOID":"42101016002","tract":"Tract 160.02","median_rent":1545.0,"households":2227.0,"renter_households":730.0,"renter_share":0.328},"geometry":{"type":"Polygon","coordinates":[[[-75.13045,39.97859],[-75.12614,39.97608],[-75.12333,39.97751],[-75.12419,39.9785],[-75.12245,39.97941],[-75.12327,39.98034],[-75.11852,39.98282],[-75.12025,39.98476],[-75.12187,39.98389],[-75.12439,39.98267],[-75.12738,39.98142],[-75.12762,39.98143],[-75.13045,39.97859]]]}},{"type":"Feature","properties":{"GEOID":"42101016001","tract":"Tract 160.01","median_rent":1765.0,"households":1160.0,"renter_households":223.0,"renter_share":0.192},"geometry":{"type":"Polygon","coordinates":[[[-75.12333,39.97751],[-75.12614,39.97608],[-75.1252,39.97556],[-75.12259,39.97388],[-75.12119,39.97533],[-75.1206,39.97565],[-75.11998,39.97589],[-75.1177,39.9809],[-75.11735,39.98148],[-75.11852,39.98282],[-75.12327,39.98034],[-75.12245,39.97941],[-75.12419,39.9785],[-75.12333,39.97751]]]}},{"type":"Feature","properties":{"GEOID":"42101039002","tract":"Tract 390.02","median_rent":1032.0,"households":1742.0,"renter_households":146.0,"renter_share":0.084},"geometry":{"type":"Polygon","coordinates":[[[-75.10424,40.03026],[-75.10433,40.02998],[-75.10323,40.03005],[-75.1027,40.02999],[-75.10173,40.02973],[-75.10128,40.02951],[-75.09732,40.02695],[-75.0964,40.02662],[-75.0955,40.02657],[-75.09456,40.02676],[-75.09414,40.02695],[-75.08655,40.03113],[-75.09227,40.03432],[-75.0894,40.03726],[-75.09133,40.03841],[-75.09131,40.03859],[-75.09054,40.03914],[-75.09159,40.03973],[-75.09203,40.04021],[-75.0943,40.0382],[-75.09557,40.03718],[-75.0961,40.03657],[-75.09685,40.03697],[-75.0975,40.03693],[-75.09842,40.0361],[-75.10424,40.03026]]]}},{"type":"Feature","properties":{"GEOID":"42101018801","tract":"Tract 188.01","median_rent":1256.0,"households":1098.0,"renter_households":762.0,"renter_share":0.694},"geometry":{"type":"Polygon","coordinates":[[[-75.10644,40.00032],[-75.11339,39.99649],[-75.10971,39.99233],[-75.10267,39.99601],[-75.10644,40.00032]]]}},{"type":"Feature","properties":{"GEOID":"42101039001","tract":"Tract 390.01","median_rent":1048.0,"households":1310.0,"renter_households":772.0,"renter_share":0.589},"geometry":{"type":"Polygon","coordinates":[[[-75.0966,40.04249],[-75.10157,40.03829],[-75.09842,40.0361],[-75.0975,40.03693],[-75.09685,40.03697],[-75.0961,40.03657],[-75.09557,40.03718],[-75.0943,40.0382],[-75.09203,40.04021],[-75.09159,40.03973],[-75.09054,40.03914],[-75.09131,40.03859],[-75.09133,40.03841],[-75.0894,40.03726],[-75.09227,40.03432],[-75.08655,40.03113],[-75.0855,40.0317],[-75.08538,40.03149],[-75.08508,40.03127],[-75.08479,40.03122],[-75.08449,40.03129],[-75.0842,40.03144],[-75.08409,40.03179],[-75.08413,40.03196],[-75.08433,40.03221],[-75.08483,40.03235],[-75.08491,40.03292],[-75.08531,40.03352],[-75.08716,40.03479],[-75.08809,40.03654],[-75.08871,40.03795],[-75.08873,40.03824],[-75.08818,40.04077],[-75.0884,40.04192],[-75.08898,40.04408],[-75.08898,40.04433],[-75.08831,40.04551],[-75.09186,40.04748],[-75.0966,40.04249]]]}},{"type":"Feature","properties":{"GEOID":"42101004104","tract":"Tract 41.04","median_rent":1220.0,"households":1324.0,"renter_households":584.0,"renter_share":0.441},"geometry":{"type":"Polygon","coordinates":[[[-75.16396,39.91852],[-75.16453,39.91588],[-75.15671,39.91487],[-75.15614,39.91752],[-75.16396,39.91852]]]}},{"type":"Feature","properties":{"GEOID":"42101004103","tract":"Tract 41.03","median_rent":1568.0,"households":1332.0,"renter_households":495.0,"renter_share":0.372},"geometry":{"type":"Polygon","coordinates":[[[-75.16341,39.92102],[-75.16396,39.91852],[-75.15614,39.91752],[-75.1556,39.92001],[-75.16341,39.92102]]]}},{"type":"Feature","properties":{"GEOID":"42101000102","tract":"Tract 1.02","median_rent":2242.0,"households":2033.0,"renter_households":1266.0,"renter_share":0.623},"geometry":{"type":"Polygon","coordinates":[[[-75.15132,39.95658],[-75.15167,39.95491],[-75.15112,39.95485],[-75.15154,39.95295],[-75.14147,39.9517],[-75.14162,39.95436],[-75.14159,39.95575],[-75.14191,39.95603],[-75.14244,39.95631],[-75.14462,39.95691],[-75.14764,39.9575],[-75.14878,39.95766],[-75.14953,39.95766],[-75.15017,39.95759],[-75.15088,39.95742],[-75.1511,39.95714],[-75.15132,39.95658]]]}},{"type":"Feature","properties":{"GEOID":"42101001204","tract":"Tract 12.04","median_rent":1623.0,"households":2048.0,"renter_households":1386.0,"renter_share":0.677},"geometry":{"type":"Polygon","coordinates":[[[-75.17118,39.94778],[-75.17191,39.94444],[-75.16558,39.94366],[-75.16485,39.947],[-75.17118,39.94778]]]}},{"type":"Feature","properties":{"GEOID":"42101036902","tract":"Tract 369.02","median_rent":2979.0,"households":1013.0,"renter_households":996.0,"renter_share":0.983},"geometry":{"type":"Polygon","coordinates":[[[-75.1992,39.95126],[-75.19952,39.95022],[-75.19558,39.94973],[-75.19532,39.95078],[-75.19169,39.95032],[-75.18723,39.94718],[-75.18563,39.94802],[-75.18515,39.94839],[-75.18329,39.94951],[-75.18166,39.95151],[-75.18022,39.95447],[-75.19612,39.95643],[-75.19724,39.95102],[-75.1992,39.95126]]]}},{"type":"Feature","properties":{"GEOID":"42101020702","tract":"Tract 207.02","median_rent":1200.0,"households":728.0,"renter_households":276.0,"renter_share":0.379},"geometry":{"type":"Polygon","coordinates":[[[-75.20717,40.01308],[-75.2076,40.01272],[-75.20598,40.01172],[-75.20549,40.0115],[-75.20311,40.01014],[-75.19745,40.00831],[-75.19647,40.00988],[-75.19599,40.00971],[-75.19436,40.01204],[-75.19288,40.01162],[-75.19249,40.01259],[-75.19241,40.01339],[-75.19219,40.01383],[-75.19187,40.0142],[-75.19059,40.01492],[-75.18915,40.01641],[-75.18838,40.01699],[-75.1892,40.01771],[-75.19003,40.01873],[-75.19031,40.01896],[-75.19125,40.01938],[-75.19215,40.02032],[-75.1924,40.0205],[-75.19632,40.0169],[-75.20028,40.01371],[-75.20109,40.01293],[-75.2013,40.01292],[-75.2018,40.01316],[-75.2021,40.01312],[-75.2028,40.01364],[-75.20337,40.0139],[-75.20487,40.0144],[-75.20614,40.01475],[-75.20717,40.01308]]]}},{"type":"Feature","properties":{"GEOID":"42101013702","tract":"Tract 137.02","median_rent":1499.0,"households":1911.0,"renter_households":906.0,"renter_share":0.474},"geometry":{"type":"Polygon","coordinates":[[[-75.18384,39.98059],[-75.18539,39.97342],[-75.18073,39.97284],[-75.17917,39.97999],[-75.18384,39.98059]]]}},{"type":"Feature","properties":{"GEOID":"42101020701","tract":"Tract 207.01","median_rent":1683.0,"households":2143.0,"renter_households":994.0,"renter_share":0.464},"geometry":{"type":"Polygon","coordinates":[[[-75.19647,40.00988],[-75.19745,40.00831],[-75.19321,40.00693],[-75.19281,40.00673],[-75.19154,40.00777],[-75.19051,40.00841],[-75.1896,40.00882],[-75.18496,40.01035],[-75.18361,40.0109],[-75.18224,40.01168],[-75.18838,40.01699],[-75.18915,40.01641],[-75.19059,40.01492],[-75.19187,40.0142],[-75.19219,40.01383],[-75.19241,40.01339],[-75.19249,40.01259],[-75.19288,40.01162],[-75.19436,40.01204],[-75.19599,40.00971],[-75.19647,40.00988]]]}},{"type":"Feature","properties":{"GEOID":"42101012502","tract":"Tract 125.02","median_rent":2174.0,"households":2627.0,"renter_households":2081.0,"renter_share":0.792},"geometry":{"type":"Polygon","coordinates":[[[-75.18332,39.96437],[-75.18168,39.9621],[-75.17994,39.96003],[-75.16883,39.95863],[-75.16781,39.96331],[-75.17445,39.96412],[-75.17622,39.96441],[-75.17598,39.96421],[-75.17655,39.96438],[-75.17786,39.96456],[-75.17807,39.96467],[-75.18142,39.96438],[-75.18199,39.96452],[-75.18332,39.96437]]]}},{"type":"Feature","properties":{"GEOID":"42101018802","tract":"Tract 188.02","median_rent":1473.0,"households":1100.0,"renter_households":863.0,"renter_share":0.785},"geometry":{"type":"Polygon","coordinates":[[[-75.10644,40.00032],[-75.10267,39.99601],[-75.09795,39.9985],[-75.10008,40.00098],[-75.1042,40.00152],[-75.10644,40.00032]]]}},{"type":"Feature","properties":{"GEOID":"42101014201","tract":"Tract 142.01","median_rent":2143.0,"households":1665.0,"renter_households":968.0,"renter_share":0.581},"geometry":{"type":"Polygon","coordinates":[[[-75.14654,39.97038],[-75.14715,39.96713],[-75.14071,39.96414],[-75.13958,39.96952],[-75.14654,39.97038]]]}},{"type":"Feature","properties":{"GEOID":"42101014202","tract":"Tract 142.02","median_rent":1976.0,"households":1591.0,"renter_households":972.0,"renter_share":0.611},"geometry":{"type":"Polygon","coordinates":[[[-75.13958,39.96952],[-75.14071,39.96414],[-75.13934,39.9635],[-75.13883,39.96313],[-75.13843,39.96308],[-75.13808,39.96294],[-75.13676,39.96277],[-75.13624,39.96242],[-75.13652,39.96173],[-75.13617,39.96165],[-75.13623,39.9616],[-75.13606,39.96149],[-75.13559,39.96118],[-75.13522,39.96107],[-75.13455,39.9606],[-75.1347,39.96047],[-75.13515,39.96076],[-75.13656,39.96108],[-75.13664,39.96088],[-75.13534,39.96057],[-75.1354,39.96047],[-75.13477,39.96033],[-75.1347,39.96029],[-75.13477,39.96011],[-75.13435,39.96],[-75.13439,39.9599],[-75.13174,39.95984],[-75.13088,39.95914],[-75.12983,39.96022],[-75.12777,39.96152],[-75.12578,39.96254],[-75.12754,39.96543],[-75.1287,39.96698],[-75.13314,39.96524],[-75.13364,39.96496],[-75.13422,39.96448],[-75.13436,39.9646],[-75.13441,39.96477],[-75.13443,39.96879],[-75.13514,39.96869],[-75.13958,39.96952]]]}},{"type":"Feature","properties":{"GEOID":"42101016300","tract":"Tract 163","median_rent":885.0,"households":899.0,"renter_households":431.0,"renter_share":0.479},"geometry":{"type":"Polygon","coordinates":[[[-75.13835,39.99185],[-75.13967,39.9858],[-75.13226,39.98481],[-75.13221,39.98474],[-75.13191,39.98631],[-75.12549,39.98984],[-75.12595,39.99023],[-75.13835,39.99185]]]}},{"type":"Feature","properties":{"GEOID":"42101016400","tract":"Tract 164","median_rent":736.0,"households":1649.0,"renter_households":1148.0,"renter_share":0.696},"geometry":{"type":"Polygon","coordinates":[[[-75.14838,39.99122],[-75.14815,39.99072],[-75.14513,39.98649],[-75.13967,39.9858],[-75.13835,39.99185],[-75.14789,39.99308],[-75.14838,39.99122]]]}},{"type":"Feature","properties":{"GEOID":"42101016500","tract":"Tract 165","median_rent":1113.0,"households":978.0,"renter_households":620.0,"renter_share":0.634},"geometry":{"type":"Polygon","coordinates":[[[-75.15239,39.99366],[-75.15307,39.99058],[-75.15287,39.99055],[-75.1512,39.9878],[-75.1502,39.9855],[-75.14415,39.98472],[-75.1442,39.98523],[-75.14831,39.99097],[-75.14838,39.99122],[-75.14789,39.99308],[-75.15239,39.99366]]]}},{"type":"Feature","properties":{"GEOID":"42101016600","tract":"Tract 166","median_rent":1266.0,"households":772.0,"renter_households":525.0,"renter_share":0.68},"geometry":{"type":"Polygon","coordinates":[[[-75.15627,39.98628],[-75.1502,39.9855],[-75.1512,39.9878],[-75.15182,39.98889],[-75.15287,39.99055],[-75.15307,39.99058],[-75.15239,39.99366],[-75.15459,39.99394],[-75.15627,39.98628]]]}},{"type":"Feature","properties":{"GEOID":"42101015600","tract":"Tract 156","median_rent":1150.0,"households":641.0,"renter_households":340.0,"renter_share":0.53},"geometry":{"type":"Polygon","coordinates":[[[-75.14417,39.98309],[-75.14556,39.97564],[-75.13972,39.9749],[-75.13814,39.98231],[-75.14417,39.98309]]]}},{"type":"Feature","properties":{"GEOID":"42101015700","tract":"Tract 157","median_rent":1799.0,"households":1375.0,"renter_households":555.0,"renter_share":0.404},"geometry":{"type":"Polygon","coordinates":[[[-75.13814,39.98231],[-75.13972,39.9749],[-75.13337,39.97409],[-75.13124,39.97779],[-75.13045,39.97859],[-75.13303,39.98009],[-75.13319,39.98013],[-75.13288,39.98163],[-75.13814,39.98231]]]}},{"type":"Feature","properties":{"GEOID":"42101015800","tract":"Tract 158","median_rent":1859.0,"households":3289.0,"renter_households":1388.0,"renter_share":0.422},"geometry":{"type":"Polygon","coordinates":[[[-75.1344,39.9723],[-75.13443,39.96879],[-75.12943,39.97054],[-75.12772,39.97108],[-75.1271,39.97135],[-75.12349,39.97265],[-75.12318,39.97325],[-75.12259,39.97388],[-75.1252,39.97556],[-75.13045,39.97859],[-75.13117,39.97787],[-75.13136,39.9776],[-75.1344,39.9723]]]}},{"type":"Feature","properties":{"GEOID":"42101016100","tract":"Tract 161","median_rent":1668.0,"households":2996.0,"renter_households":1738.0,"renter_share":0.58},"geometry":{"type":"Polygon","coordinates":[[[-75.13319,39.98013],[-75.13303,39.98009],[-75.13045,39.97859],[-75.12762,39.98143],[-75.12738,39.98142],[-75.12439,39.98267],[-75.12187,39.98389],[-75.12025,39.98476],[-75.12199,39.98674],[-75.12291,39.98746],[-75.12549,39.98984],[-75.13191,39.98631],[-75.13319,39.98013]]]}},{"type":"Feature","properties":{"GEOID":"42101016200","tract":"Tract 162","median_rent":966.0,"households":773.0,"renter_households":402.0,"renter_share":0.52},"geometry":{"type":"Polygon","coordinates":[[[-75.14513,39.98649],[-75.1442,39.98523],[-75.14405,39.98372],[-75.14417,39.98309],[-75.13288,39.98163],[-75.13221,39.98474],[-75.13226,39.98481],[-75.14513,39.98649]]]}},{"type":"Feature","properties":{"GEOID":"42101030700","tract":"Tract 307","median_rent":1194.0,"households":1925.0,"renter_households":1373.0,"renter_share":0.713},"geometry":{"type":"Polygon","coordinates":[[[-75.09364,40.05743],[-75.09281,40.05633],[-75.09263,40.05557],[-75.09252,40.05547],[-75.09258,40.05529],[-75.09213,40.05318],[-75.09199,40.05324],[-75.0918,40.05317],[-75.08834,40.05123],[-75.0878,40.0518],[-75.08634,40.05098],[-75.08599,40.05088],[-75.08661,40.05219],[-75.0868,40.05274],[-75.0868,40.05314],[-75.08667,40.05343],[-75.08585,40.05441],[-75.08566,40.05754],[-75.08498,40.05889],[-75.08353,40.06127],[-75.08743,40.0636],[-75.09139,40.05956],[-75.09364,40.05743]]]}},{"type":"Feature","properties":{"GEOID":"42101030800","tract":"Tract 308","median_rent":1249.0,"households":1869.0,"renter_households":335.0,"renter_share":0.179},"geometry":{"type":"Polygon","coordinates":[[[-75.0868,40.05291],[-75.08661,40.05219],[-75.08599,40.05088],[-75.08616,40.05002],[-75.08289,40.0482],[-75.0821,40.04905],[-75.0813,40.04972],[-75.07503,40.05636],[-75.08353,40.06127],[-75.08498,40.05889],[-75.08566,40.05754],[-75.08585,40.05441],[-75.08673,40.05335],[-75.0868,40.05291]]]}},{"type":"Feature","properties":{"GEOID":"42101030900","tract":"Tract 309","median_rent":1487.0,"households":1550.0,"renter_households":787.0,"renter_share":0.508},"geometry":{"type":"Polygon","coordinates":[[[-75.08898,40.04433],[-75.08898,40.04408],[-75.0884,40.04192],[-75.08818,40.04077],[-75.08873,40.03824],[-75.08871,40.03795],[-75.08785,40.03611],[-75.08758,40.03626],[-75.08441,40.0395],[-75.08267,40.04242],[-75.07919,40.04613],[-75.08616,40.05002],[-75.08697,40.04857],[-75.08831,40.04551],[-75.08898,40.04433]]]}},{"type":"Feature","properties":{"GEOID":"42101031000","tract":"Tract 310","median_rent":1630.0,"households":2160.0,"renter_households":809.0,"renter_share":0.375},"geometry":{"type":"Polygon","coordinates":[[[-75.08231,40.04883],[-75.08289,40.0482],[-75.07384,40.04317],[-75.06605,40.05118],[-75.07503,40.05636],[-75.0813,40.04972],[-75.08231,40.04883]]]}},{"type":"Feature","properties":{"GEOID":"42101029800","tract":"Tract 298","median_rent":1154.0,"households":1878.0,"renter_households":929.0,"renter_share":0.495},"geometry":{"type":"Polygon","coordinates":[[[-75.06909,40.0219],[-75.07338,40.01965],[-75.07329,40.01953],[-75.07257,40.01887],[-75.06951,40.0108],[-75.06134,40.01276],[-75.06141,40.01328],[-75.06862,40.02151],[-75.06909,40.0219]]]}},{"type":"Feature","properties":{"GEOID":"42101029900","tract":"Tract 299","median_rent":1260.0,"households":1460.0,"renter_households":789.0,"renter_share":0.54},"geometry":{"type":"Polygon","coordinates":[[[-75.08086,40.0119],[-75.07875,40.00988],[-75.07845,40.00859],[-75.06951,40.0108],[-75.07257,40.01887],[-75.07338,40.01965],[-75.07435,40.0188],[-75.07402,40.01848],[-75.07584,40.01614],[-75.07609,40.01626],[-75.07905,40.01301],[-75.08086,40.0119]]]}},{"type":"Feature","properties":{"GEOID":"42101030100","tract":"Tract 301","median_rent":749.0,"households":2642.0,"renter_households":1203.0,"renter_share":0.455},"geometry":{"type":"Polygon","coordinates":[[[-75.0959,40.0196],[-75.09441,40.01953],[-75.08638,40.01526],[-75.08131,40.02076],[-75.08834,40.02447],[-75.08945,40.02508],[-75.09056,40.02579],[-75.09377,40.02251],[-75.09415,40.02191],[-75.09419,40.02154],[-75.09437,40.02116],[-75.0959,40.0196]]]}},{"type":"Feature","properties":{"GEOID":"42101030200","tract":"Tract 302","median_rent":1091.0,"households":2584.0,"renter_households":999.0,"renter_share":0.387},"geometry":{"type":"Polygon","coordinates":[[[-75.08535,40.03109],[-75.09056,40.02579],[-75.08945,40.02508],[-75.08131,40.02076],[-75.08028,40.02187],[-75.07941,40.02139],[-75.07888,40.02188],[-75.07562,40.02407],[-75.07396,40.02507],[-75.07336,40.02537],[-75.07537,40.02704],[-75.07721,40.02749],[-75.0842,40.03144],[-75.08449,40.03129],[-75.08479,40.03122],[-75.08508,40.03127],[-75.08535,40.03109]]]}},{"type":"Feature","properties":{"GEOID":"42101030600","tract":"Tract 306","median_rent":1222.0,"households":2939.0,"renter_households":1093.0,"renter_share":0.372},"geometry":{"type":"Polygon","coordinates":[[[-75.10323,40.05135],[-75.10281,40.05087],[-75.09956,40.04797],[-75.09417,40.04503],[-75.09186,40.04748],[-75.08831,40.04551],[-75.08697,40.04857],[-75.08616,40.05002],[-75.08599,40.05088],[-75.08634,40.05098],[-75.0878,40.0518],[-75.08834,40.05123],[-75.0918,40.05317],[-75.09199,40.05324],[-75.09213,40.05318],[-75.09258,40.05529],[-75.09252,40.05547],[-75.09263,40.05557],[-75.09281,40.05633],[-75.0935,40.05724],[-75.09406,40.05677],[-75.09536,40.05591],[-75.10323,40.05135]]]}},{"type":"Feature","properties":{"GEOID":"42101036301","tract":"Tract 363.01","median_rent":1219.0,"households":1457.0,"renter_households":318.0,"renter_share":0.218},"geometry":{"type":"Polygon","coordinates":[[[-74.97648,40.09126],[-74.97693,40.09114],[-74.97166,40.08728],[-74.97057,40.08638],[-74.96989,40.08571],[-74.96681,40.08221],[-74.96634,40.08154],[-74.96595,40.08072],[-74.96484,40.07715],[-74.96399,40.07704],[-74.9636,40.0771],[-74.96327,40.07724],[-74.96243,40.07823],[-74.96253,40.07858],[-74.9622,40.07901],[-74.96211,40.07947],[-74.96152,40.07992],[-74.96107,40.08044],[-74.96004,40.08132],[-74.96007,40.08178],[-74.95995,40.08214],[-74.95974,40.0823],[-74.95908,40.08235],[-74.959,40.0825],[-74.95915,40.08281],[-74.95895,40.08316],[-74.95896,40.08358],[-74.95872,40.0839],[-74.95838,40.08396],[-74.95842,40.08421],[-74.95863,40.08429],[-74.95868,40.08438],[-74.95863,40.08459],[-74.9583,40.08506],[-74.95821,40.08587],[-74.95803,40.08624],[-74.95801,40.08664],[-74.9576,40.08709],[-74.95769,40.08762],[-74.95795,40.0881],[-74.95818,40.08881],[-74.95816,40.08926],[-74.95775,40.08984],[-74.95792,40.09012],[-74.9579,40.09057],[-74.95634,40.09299],[-74.95631,40.09404],[-74.95605,40.0946],[-74.95576,40.09498],[-74.95584,40.09523],[-74.95616,40.09574],[-74.95664,40.09594],[-74.95708,40.09592],[-74.95774,40.09609],[-74.95816,40.09657],[-74.95849,40.09681],[-74.95994,40.09737],[-74.96045,40.09746],[-74.96119,40.09745],[-74.96177,40.09775],[-74.96302,40.09749],[-74.96415,40.09747],[-74.96489,40.09724],[-74.96568,40.09722],[-74.9663,40.09714],[-74.9678,40.0971],[-74.96808,40.09726],[-74.96936,40.09722],[-74.97083,40.09667],[-74.97102,40.09639],[-74.97211,40.09674],[-74.9729,40.09686],[-74.97382,40.09686],[-74.97471,40.09674],[-74.97577,40.09641],[-74.97678,40.09597],[-74.97608,40.09422],[-74.97601,40.09375],[-74.97621,40.09155],[-74.97648,40.09126]]]}},{"type":"Feature","properties":{"GEOID":"42101036302","tract":"Tract 363.02","median_rent":1452.0,"households":1331.0,"renter_households":472.0,"renter_share":0.355},"geometry":{"type":"Polygon","coordinates":[[[-74.982,40.10245],[-74.98667,40.09928],[-74.97719,40.09134],[-74.97693,40.09114],[-74.97648,40.09126],[-74.97628,40.09143],[-74.97619,40.09166],[-74.97601,40.09398],[-74.97794,40.0989],[-74.9781,40.09921],[-74.98108,40.10177],[-74.98148,40.10201],[-74.982,40.10245]]]}},{"type":"Feature","properties":{"GEOID":"42101036303","tract":"Tract 363.03","median_rent":1270.0,"households":2336.0,"renter_households":159.0,"renter_share":0.068},"geometry":{"type":"Polygon","coordinates":[[[-74.98252,40.10427],[-74.98339,40.10368],[-74.98148,40.10201],[-74.98108,40.10177],[-74.9781,40.09921],[-74.97678,40.09597],[-74.97517,40.09662],[-74.97382,40.09686],[-74.97254,40.09682],[-74.97177,40.09665],[-74.97102,40.09639],[-74.97083,40.09667],[-74.96936,40.09722],[-74.96808,40.09726],[-74.9678,40.0971],[-74.9663,40.09714],[-74.96568,40.09722],[-74.96489,40.09724],[-74.96415,40.09747],[-74.96302,40.09749],[-74.96177,40.09775],[-74.96181,40.09793],[-74.96158,40.09823],[-74.96209,40.09866],[-74.96207,40.09877],[-74.96167,40.0992],[-74.96192,40.09941],[-74.96201,40.09965],[-74.96189,40.0999],[-74.96164,40.1009],[-74.96112,40.1014],[-74.96106,40.10167],[-74.9611,40.1018],[-74.96127,40.10195],[-74.96129,40.10212],[-74.96106,40.10295],[-74.96089,40.1031],[-74.961,40.10332],[-74.96177,40.10381],[-74.96254,40.10448],[-74.96243,40.10485],[-74.96255,40.10508],[-74.96318,40.10528],[-74.96396,40.10564],[-74.96391,40.1058],[-74.96363,40.10606],[-74.96366,40.10638],[-74.96327,40.10656],[-74.9632,40.10667],[-74.96334,40.10687],[-74.96368,40.10705],[-74.96506,40.10721],[-74.96561,40.10809],[-74.96512,40.10877],[-74.96481,40.109],[-74.9646,40.1094],[-74.96441,40.1095],[-74.96423,40.10943],[-74.96407,40.10945],[-74.96371,40.10987],[-74.96384,40.11046],[-74.96412,40.11086],[-74.96404,40.11121],[-74.96378,40.11165],[-74.96388,40.112],[-74.96392,40.11263],[-74.96415,40.11337],[-74.964,40.11368],[-74.96335,40.11434],[-74.96317,40.11482],[-74.96341,40.11521],[-74.96311,40.11587],[-74.96317,40.11667],[-74.96338,40.11697],[-74.96374,40.11708],[-74.96412,40.11729],[-74.96426,40.11756],[-74.9643,40.11752],[-74.96465,40.11751],[-74.96572,40.11807],[-74.96662,40.11793],[-74.96683,40.11785],[-74.96732,40.1176],[-74.9683,40.11684],[-74.9695,40.11617],[-74.96976,40.11593],[-74.97,40.11364],[-74.96988,40.11323],[-74.97029,40.11307],[-74.97947,40.10579],[-74.98034,40.10526],[-74.98252,40.10427]]]}},{"type":"Feature","properties":{"GEOID":"42101026000","tract":"Tract 260","median_rent":1423.0,"households":1346.0,"renter_households":383.0,"renter_share":0.285},"geometry":{"type":"Polygon","coordinates":[[[-75.17551,40.07521],[-75.16899,40.07147],[-75.1634,40.07695],[-75.16991,40.08082],[-75.17551,40.07521]]]}},{"type":"Feature","properties":{"GEOID":"42101027500","tract":"Tract 275","median_rent":1221.0,"households":1677.0,"renter_households":479.0,"renter_share":0.286},"geometry":{"type":"Polygon","coordinates":[[[-75.1349,40.04018],[-75.13526,40.03864],[-75.13447,40.03851],[-75.13482,40.03699],[-75.13504,40.03328],[-75.13129,40.03282],[-75.1285,40.04563],[-75.13128,40.04598],[-75.13472,40.04613],[-75.13473,40.0421],[-75.1349,40.04018]]]}},{"type":"Feature","properties":{"GEOID":"42101036000","tract":"Tract 360","median_rent":1147.0,"households":1256.0,"renter_households":540.0,"renter_share":0.43},"geometry":{"type":"Polygon","coordinates":[[[-75.02393,40.1007],[-75.02229,40.10028],[-75.02184,40.1001],[-75.01553,40.09486],[-75.01416,40.09624],[-75.01273,40.09739],[-74.99712,40.10815],[-74.9994,40.11013],[-75.00096,40.11139],[-75.00241,40.11098],[-75.00294,40.11098],[-75.00355,40.11085],[-75.00539,40.1148],[-75.02393,40.1007]]]}},{"type":"Feature","properties":{"GEOID":"42101036100","tract":"Tract 361","median_rent":1639.0,"households":1537.0,"renter_households":410.0,"renter_share":0.267},"geometry":{"type":"Polygon","coordinates":[[[-75.0018,40.10493],[-75.00137,40.10456],[-75.00134,40.10447],[-74.99901,40.10258],[-74.99816,40.10161],[-74.99546,40.09917],[-74.99126,40.09578],[-74.98418,40.08991],[-74.98239,40.09172],[-74.98002,40.09371],[-74.98807,40.10045],[-74.99712,40.10815],[-75.0018,40.10493]]]}},{"type":"Feature","properties":{"GEOID":"42101035200","tract":"Tract 352","median_rent":1346.0,"households":2274.0,"renter_households":351.0,"renter_share":0.154},"geometry":{"type":"Polygon","coordinates":[[[-75.0048,40.05475],[-74.99627,40.0472],[-74.99495,40.04798],[-74.99353,40.04871],[-74.98935,40.05057],[-74.98817,40.05124],[-74.98712,40.05192],[-74.98615,40.05266],[-74.98398,40.05491],[-74.9839,40.05499],[-74.98407,40.05512],[-74.98419,40.05535],[-74.98419,40.05557],[-74.98447,40.05627],[-74.98516,40.05693],[-74.98515,40.0572],[-74.98429,40.05784],[-74.98389,40.05794],[-74.98302,40.05837],[-74.9829,40.05837],[-74.98237,40.05868],[-74.98184,40.05909],[-74.98155,40.05945],[-74.98044,40.0603],[-74.98084,40.06068],[-74.98092,40.06088],[-74.98091,40.06141],[-74.98103,40.06186],[-74.9808,40.06259],[-74.9809,40.06274],[-74.9809,40.06301],[-74.98114,40.06337],[-74.98114,40.06368],[-74.98102,40.06382],[-74.98087,40.06447],[-74.98102,40.06494],[-74.98282,40.06455],[-74.98417,40.06408],[-74.98558,40.06334],[-74.9907,40.06023],[-74.99125,40.05995],[-74.99203,40.05968],[-74.99826,40.05808],[-75.00109,40.05727],[-75.0048,40.05475]]]}},{"type":"Feature","properties":{"GEOID":"42101035500","tract":"Tract 355","median_rent":1193.0,"households":3025.0,"renter_households":801.0,"renter_share":0.265},"geometry":{"type":"Polygon","coordinates":[[[-75.04149,40.08734],[-75.04107,40.08717],[-75.03972,40.08593],[-75.0384,40.08447],[-75.0375,40.08546],[-75.03048,40.08182],[-75.02895,40.08097],[-75.01553,40.09486],[-75.02184,40.1001],[-75.02229,40.10028],[-75.02393,40.1007],[-75.04149,40.08734]]]}},{"type":"Feature","properties":{"GEOID":"42101035800","tract":"Tract 358","median_rent":1250.0,"households":2378.0,"renter_households":683.0,"renter_share":0.287},"geometry":{"type":"Polygon","coordinates":[[[-75.03784,40.12021],[-75.03767,40.12014],[-75.03649,40.12039],[-75.03635,40.12017],[-75.03006,40.1163],[-75.02923,40.11597],[-75.02806,40.1157],[-75.02723,40.11542],[-75.02304,40.113],[-75.02195,40.11448],[-75.01846,40.11812],[-75.0162,40.12194],[-75.01538,40.1236],[-75.02489,40.12922],[-75.03784,40.12021]]]}},{"type":"Feature","properties":{"GEOID":"42101035900","tract":"Tract 359","median_rent":777.0,"households":2192.0,"renter_households":745.0,"renter_share":0.34},"geometry":{"type":"Polygon","coordinates":[[[-75.0263,40.10832],[-75.02888,40.10254],[-75.02763,40.10176],[-75.02697,40.10151],[-75.02393,40.1007],[-75.00539,40.1148],[-75.00676,40.11787],[-75.00699,40.1186],[-75.01538,40.1236],[-75.0162,40.12194],[-75.01846,40.11812],[-75.02195,40.11448],[-75.0263,40.10832]]]}},{"type":"Feature","properties":{"GEOID":"42101028500","tract":"Tract 285","median_rent":1065.0,"households":1081.0,"renter_households":427.0,"renter_share":0.395},"geometry":{"type":"Polygon","coordinates":[[[-75.13572,40.0236],[-75.13321,40.02414],[-75.13129,40.03282],[-75.13504,40.03328],[-75.13504,40.03233],[-75.13521,40.03047],[-75.13506,40.02915],[-75.13514,40.02905],[-75.13533,40.02763],[-75.13526,40.02681],[-75.1351,40.02608],[-75.13572,40.0236]]]}},{"type":"Feature","properties":{"GEOID":"42101028600","tract":"Tract 286","median_rent":1325.0,"households":2600.0,"renter_households":808.0,"renter_share":0.311},"geometry":{"type":"Polygon","coordinates":[[[-75.13129,40.03282],[-75.13321,40.02414],[-75.12813,40.02522],[-75.12342,40.02593],[-75.12217,40.03186],[-75.12171,40.03347],[-75.12196,40.03373],[-75.1233,40.03289],[-75.12454,40.03244],[-75.1252,40.03231],[-75.12588,40.03228],[-75.12725,40.03234],[-75.13129,40.03282]]]}},{"type":"Feature","properties":{"GEOID":"42101028700","tract":"Tract 287","median_rent":1271.0,"households":756.0,"renter_households":393.0,"renter_share":0.52},"geometry":{"type":"Polygon","coordinates":[[[-75.13568,40.02295],[-75.13582,40.02064],[-75.13527,40.02054],[-75.13543,40.01978],[-75.12888,40.01894],[-75.12792,40.02198],[-75.12722,40.02478],[-75.12549,40.02503],[-75.12539,40.02565],[-75.12813,40.02522],[-75.13572,40.0236],[-75.13568,40.02295]]]}},{"type":"Feature","properties":{"GEOID":"42101029000","tract":"Tract 290","median_rent":1166.0,"households":2093.0,"renter_households":505.0,"renter_share":0.241},"geometry":{"type":"Polygon","coordinates":[[[-75.12217,40.03186],[-75.12342,40.02593],[-75.11288,40.02746],[-75.11285,40.02773],[-75.11247,40.02791],[-75.11244,40.02802],[-75.11231,40.02795],[-75.11181,40.028],[-75.11154,40.02818],[-75.11101,40.0289],[-75.1109,40.02937],[-75.1109,40.0296],[-75.1111,40.03013],[-75.11117,40.03092],[-75.11087,40.03278],[-75.11073,40.03312],[-75.11075,40.03332],[-75.11082,40.03354],[-75.11083,40.0335],[-75.1109,40.03356],[-75.11114,40.03393],[-75.11109,40.03399],[-75.1112,40.03426],[-75.11142,40.0345],[-75.11195,40.03487],[-75.11235,40.03573],[-75.11294,40.03637],[-75.11316,40.03651],[-75.11608,40.03304],[-75.1207,40.03365],[-75.12171,40.03347],[-75.12217,40.03186]]]}},{"type":"Feature","properties":{"GEOID":"42101029300","tract":"Tract 293","median_rent":1121.0,"households":1261.0,"renter_households":535.0,"renter_share":0.424},"geometry":{"type":"Polygon","coordinates":[[[-75.09701,40.01764],[-75.09704,40.01595],[-75.09655,40.01597],[-75.0961,40.01588],[-75.0947,40.01505],[-75.0943,40.01466],[-75.09353,40.0134],[-75.09346,40.01304],[-75.09358,40.01258],[-75.09494,40.01054],[-75.09511,40.01016],[-75.09503,40.00977],[-75.09469,40.00927],[-75.09278,40.00815],[-75.09224,40.00756],[-75.09213,40.00734],[-75.09219,40.00697],[-75.09271,40.00643],[-75.0929,40.00609],[-75.09289,40.0058],[-75.09254,40.00538],[-75.09181,40.00601],[-75.08797,40.0121],[-75.08552,40.01479],[-75.09441,40.01953],[-75.0959,40.0196],[-75.09674,40.01873],[-75.09696,40.01807],[-75.09701,40.01764]]]}},{"type":"Feature","properties":{"GEOID":"42101029400","tract":"Tract 294","median_rent":883.0,"households":1192.0,"renter_households":674.0,"renter_share":0.565},"geometry":{"type":"Polygon","coordinates":[[[-75.09254,40.00538],[-75.09214,40.00494],[-75.09191,40.00478],[-75.09015,40.00415],[-75.08928,40.0049],[-75.088,40.00577],[-75.08745,40.00608],[-75.08655,40.00646],[-75.08497,40.00697],[-75.07845,40.00859],[-75.07875,40.00988],[-75.0817,40.01274],[-75.08552,40.01479],[-75.08797,40.0121],[-75.09181,40.00601],[-75.09254,40.00538]]]}},{"type":"Feature","properties":{"GEOID":"42101030502","tract":"Tract 305.02","median_rent":1683.0,"households":1787.0,"renter_households":303.0,"renter_share":0.17},"geometry":{"type":"Polygon","coordinates":[[[-75.11115,40.04219],[-75.11082,40.04235],[-75.11024,40.04304],[-75.10993,40.0432],[-75.10463,40.04007],[-75.10037,40.0446],[-75.1011,40.04504],[-75.09802,40.0471],[-75.09956,40.04797],[-75.10281,40.05087],[-75.10323,40.05135],[-75.10653,40.04938],[-75.10809,40.04798],[-75.10876,40.04706],[-75.10941,40.04584],[-75.10943,40.04587],[-75.11115,40.04219]]]}},{"type":"Feature","properties":{"GEOID":"42101031502","tract":"Tract 315.02","median_rent":1560.0,"households":1326.0,"renter_households":607.0,"renter_share":0.458},"geometry":{"type":"Polygon","coordinates":[[[-75.06154,40.03821],[-75.06104,40.03798],[-75.05987,40.03727],[-75.0537,40.03384],[-75.05197,40.03567],[-75.05358,40.03657],[-75.04903,40.04141],[-75.05465,40.04464],[-75.06154,40.03821]]]}},{"type":"Feature","properties":{"GEOID":"42101000500","tract":"Tract 5","median_rent":1859.0,"households":1480.0,"renter_households":1389.0,"renter_share":0.939},"geometry":{"type":"Polygon","coordinates":[[[-75.1653,39.95228],[-75.16524,39.952],[-75.16505,39.95181],[-75.164,39.95162],[-75.16392,39.95156],[-75.16387,39.9515],[-75.16401,39.95088],[-75.15234,39.94942],[-75.15154,39.95295],[-75.16309,39.9544],[-75.16332,39.95335],[-75.16506,39.95361],[-75.1653,39.95228]]]}},{"type":"Feature","properties":{"GEOID":"42101034803","tract":"Tract 348.03","median_rent":1315.0,"households":1547.0,"renter_households":306.0,"renter_share":0.198},"geometry":{"type":"Polygon","coordinates":[[[-75.00941,40.06208],[-75.00934,40.06052],[-75.0088,40.0584],[-75.00825,40.0578],[-75.0048,40.05475],[-75.00109,40.05727],[-74.99826,40.05808],[-74.99203,40.05968],[-74.99125,40.05995],[-74.99043,40.0604],[-74.9911,40.06082],[-74.99171,40.0611],[-74.99322,40.0614],[-74.99427,40.06178],[-75.00727,40.06916],[-75.00803,40.06867],[-75.00841,40.06823],[-75.00869,40.06769],[-75.00917,40.06638],[-75.0094,40.06526],[-75.00941,40.06208]]]}},{"type":"Feature","properties":{"GEOID":"42101005600","tract":"Tract 56","median_rent":1159.0,"households":678.0,"renter_households":612.0,"renter_share":0.903},"geometry":{"type":"Polygon","coordinates":[[[-75.24975,39.90055],[-75.25235,39.89762],[-75.25207,39.89747],[-75.24375,39.89303],[-75.23864,39.89869],[-75.24033,39.90411],[-75.24498,39.90318],[-75.24631,39.90273],[-75.24731,39.90228],[-75.2482,39.90178],[-75.24911,39.90111],[-75.24975,39.90055]]]}},{"type":"Feature","properties":{"GEOID":"42101006000","tract":"Tract 60","median_rent":1166.0,"households":2589.0,"renter_households":1062.0,"renter_share":0.41},"geometry":{"type":"Polygon","coordinates":[[[-75.24302,39.91651],[-75.24494,39.91545],[-75.24338,39.91349],[-75.24323,39.91311],[-75.24337,39.91301],[-75.24322,39.91249],[-75.24058,39.90406],[-75.2394,39.90431],[-75.23861,39.90454],[-75.23734,39.90511],[-75.2362,39.9058],[-75.23497,39.90687],[-75.23244,39.90967],[-75.23185,39.91021],[-75.23051,39.9112],[-75.23079,39.91155],[-75.23951,39.91898],[-75.24302,39.91651]]]}},{"type":"Feature","properties":{"GEOID":"42101006100","tract":"Tract 61","median_rent":1289.0,"households":1217.0,"renter_households":245.0,"renter_share":0.201},"geometry":{"type":"Polygon","coordinates":[[[-75.22754,39.91984],[-75.23463,39.91485],[-75.23064,39.91138],[-75.22927,39.90903],[-75.22791,39.91075],[-75.22324,39.91759],[-75.22421,39.91783],[-75.22588,39.91852],[-75.22754,39.91984]]]}},{"type":"Feature","properties":{"GEOID":"42101006300","tract":"Tract 63","median_rent":1167.0,"households":1696.0,"renter_households":1174.0,"renter_share":0.692},"geometry":{"type":"Polygon","coordinates":[[[-75.24686,39.91876],[-75.24692,39.91831],[-75.24679,39.91792],[-75.24631,39.91718],[-75.24494,39.91545],[-75.24302,39.91651],[-75.23244,39.92397],[-75.23559,39.92664],[-75.24686,39.91876]]]}},{"type":"Feature","properties":{"GEOID":"42101006400","tract":"Tract 64","median_rent":1212.0,"households":1584.0,"renter_households":523.0,"renter_share":0.33},"geometry":{"type":"Polygon","coordinates":[[[-75.24762,39.91967],[-75.24758,39.9194],[-75.24745,39.91916],[-75.24746,39.91908],[-75.2476,39.91908],[-75.24742,39.91882],[-75.24734,39.91854],[-75.24724,39.91864],[-75.24686,39.91876],[-75.24634,39.91908],[-75.23559,39.92664],[-75.23699,39.92782],[-75.23548,39.92888],[-75.23773,39.92932],[-75.24075,39.93026],[-75.24364,39.9309],[-75.24381,39.93073],[-75.24427,39.93049],[-75.24443,39.93029],[-75.24436,39.93004],[-75.24401,39.92979],[-75.24398,39.92971],[-75.24397,39.92865],[-75.24405,39.92815],[-75.24458,39.92718],[-75.24458,39.92675],[-75.24433,39.92648],[-75.2443,39.92635],[-75.2444,39.92613],[-75.24499,39.92584],[-75.24513,39.92566],[-75.24599,39.92437],[-75.24613,39.92391],[-75.24619,39.92331],[-75.24627,39.92317],[-75.24739,39.92205],[-75.24751,39.92177],[-75.24747,39.92045],[-75.24762,39.91967]]]}},{"type":"Feature","properties":{"GEOID":"42101026800","tract":"Tract 268","median_rent":1100.0,"households":2261.0,"renter_households":1612.0,"renter_share":0.713},"geometry":{"type":"Polygon","coordinates":[[[-75.14357,40.0523],[-75.14384,40.05077],[-75.14216,40.05056],[-75.14286,40.04749],[-75.13911,40.04701],[-75.13658,40.05857],[-75.13702,40.05877],[-75.1369,40.05907],[-75.13663,40.05919],[-75.13619,40.05926],[-75.13512,40.06099],[-75.13695,40.06193],[-75.1409,40.06424],[-75.14357,40.0523]]]}},{"type":"Feature","properties":{"GEOID":"42101010700","tract":"Tract 107","median_rent":1225.0,"households":1234.0,"renter_households":916.0,"renter_share":0.742},"geometry":{"type":"Polygon","coordinates":[[[-75.21215,39.97301],[-75.21133,39.96873],[-75.20967,39.96774],[-75.20234,39.96314],[-75.20233,39.96349],[-75.20372,39.97093],[-75.20598,39.97143],[-75.20839,39.9721],[-75.21215,39.97301]]]}},{"type":"Feature","properties":{"GEOID":"42101010800","tract":"Tract 108","median_rent":953.0,"households":2103.0,"renter_households":1334.0,"renter_share":0.634},"geometry":{"type":"Polygon","coordinates":[[[-75.20372,39.97093],[-75.20233,39.96349],[-75.20238,39.96303],[-75.20223,39.96164],[-75.20014,39.96196],[-75.1943,39.96261],[-75.19531,39.96805],[-75.19214,39.96689],[-75.19231,39.96772],[-75.19484,39.96837],[-75.20372,39.97093]]]}},{"type":"Feature","properties":{"GEOID":"42101010600","tract":"Tract 106","median_rent":939.0,"households":703.0,"renter_households":522.0,"renter_share":0.743},"geometry":{"type":"Polygon","coordinates":[[[-75.21133,39.96873],[-75.21056,39.96257],[-75.20898,39.96231],[-75.20236,39.96286],[-75.20234,39.96314],[-75.20967,39.96774],[-75.21133,39.96873]]]}},{"type":"Feature","properties":{"GEOID":"42101021800","tract":"Tract 218","median_rent":1558.0,"households":2513.0,"renter_households":1792.0,"renter_share":0.713},"geometry":{"type":"Polygon","coordinates":[[[-75.23172,40.0641],[-75.23818,40.05977],[-75.23639,40.0574],[-75.23604,40.05671],[-75.23593,40.05585],[-75.23592,40.05508],[-75.23621,40.05305],[-75.23633,40.05137],[-75.2363,40.05104],[-75.23542,40.04877],[-75.22716,40.05253],[-75.22813,40.05288],[-75.23042,40.05337],[-75.23098,40.05359],[-75.23172,40.05408],[-75.232,40.0544],[-75.22732,40.05665],[-75.22967,40.05978],[-75.22787,40.06062],[-75.22755,40.06084],[-75.22688,40.06181],[-75.22845,40.06254],[-75.22813,40.06282],[-75.2279,40.06345],[-75.22797,40.06415],[-75.22821,40.06468],[-75.23008,40.0663],[-75.23244,40.06474],[-75.23172,40.0641]]]}},{"type":"Feature","properties":{"GEOID":"42101014500","tract":"Tract 145","median_rent":1065.0,"households":916.0,"renter_households":648.0,"renter_share":0.707},"geometry":{"type":"Polygon","coordinates":[[[-75.15066,39.97932],[-75.15191,39.97359],[-75.14608,39.97283],[-75.14501,39.9786],[-75.15066,39.97932]]]}},{"type":"Feature","properties":{"GEOID":"42101031200","tract":"Tract 312","median_rent":1207.0,"households":1836.0,"renter_households":952.0,"renter_share":0.519},"geometry":{"type":"Polygon","coordinates":[[[-75.08292,40.03372],[-75.08427,40.03217],[-75.07016,40.03542],[-75.07739,40.03946],[-75.08292,40.03372]]]}},{"type":"Feature","properties":{"GEOID":"42101026301","tract":"Tract 263.01","median_rent":1351.0,"households":1641.0,"renter_households":135.0,"renter_share":0.082},"geometry":{"type":"Polygon","coordinates":[[[-75.16899,40.07147],[-75.16411,40.06866],[-75.15842,40.07417],[-75.1634,40.07695],[-75.16899,40.07147]]]}},{"type":"Feature","properties":{"GEOID":"42101029200","tract":"Tract 292","median_rent":1107.0,"households":1375.0,"renter_households":169.0,"renter_share":0.123},"geometry":{"type":"Polygon","coordinates":[[[-75.11288,40.02746],[-75.11275,40.02636],[-75.11263,40.02606],[-75.11253,40.02595],[-75.1122,40.02581],[-75.11151,40.02564],[-75.11135,40.02545],[-75.11155,40.0245],[-75.11135,40.02357],[-75.11103,40.02304],[-75.11094,40.02261],[-75.11072,40.02242],[-75.10944,40.02215],[-75.10877,40.02224],[-75.1082,40.02258],[-75.10809,40.02269],[-75.10807,40.02298],[-75.10776,40.02312],[-75.10722,40.02322],[-75.1069,40.02337],[-75.10661,40.0233],[-75.10609,40.02297],[-75.10563,40.02297],[-75.10531,40.0231],[-75.10515,40.02349],[-75.10491,40.02363],[-75.10456,40.02352],[-75.10425,40.02334],[-75.10415,40.02319],[-75.10418,40.02293],[-75.10362,40.02235],[-75.10315,40.02111],[-75.10317,40.021],[-75.10342,40.02075],[-75.10355,40.02044],[-75.10374,40.01952],[-75.10409,40.01935],[-75.10517,40.01932],[-75.10537,40.01926],[-75.10551,40.0192],[-75.1057,40.01891],[-75.10595,40.01871],[-75.10716,40.01821],[-75.1075,40.01765],[-75.10752,40.01722],[-75.10735,40.01687],[-75.10692,40.0165],[-75.1061,40.01631],[-75.10532,40.01627],[-75.10503,40.01614],[-75.10377,40.01612],[-75.10257,40.01596],[-75.10199,40.01603],[-75.10066,40.01603],[-75.09953,40.01629],[-75.0988,40.01634],[-75.09849,40.0163],[-75.09778,40.01605],[-75.09704,40.01595],[-75.09701,40.01764],[-75.09696,40.01807],[-75.09674,40.01873],[-75.09437,40.02116],[-75.09419,40.02154],[-75.09415,40.02191],[-75.09377,40.02251],[-75.087,40.02944],[-75.08535,40.03109],[-75.08508,40.03127],[-75.08538,40.03149],[-75.0855,40.0317],[-75.09414,40.02695],[-75.09456,40.02676],[-75.09524,40.02659],[-75.09574,40.02656],[-75.0964,40.02662],[-75.09732,40.02695],[-75.10128,40.02951],[-75.1022,40.02988],[-75.10323,40.03005],[-75.10379,40.03004],[-75.1046,40.02992],[-75.1116,40.0277],[-75.11288,40.02746]]]}},{"type":"Feature","properties":{"GEOID":"42101024400","tract":"Tract 244","median_rent":967.0,"households":1202.0,"renter_households":596.0,"renter_share":0.496},"geometry":{"type":"Polygon","coordinates":[[[-75.16912,40.02386],[-75.16278,40.02037],[-75.16267,40.02133],[-75.16246,40.02195],[-75.15988,40.02379],[-75.15955,40.02392],[-75.15986,40.02462],[-75.15993,40.02556],[-75.16005,40.02602],[-75.16098,40.02725],[-75.16143,40.02776],[-75.16375,40.02925],[-75.16912,40.02386]]]}},{"type":"Feature","properties":{"GEOID":"42101033200","tract":"Tract 332","median_rent":1983.0,"households":1009.0,"renter_households":211.0,"renter_share":0.209},"geometry":{"type":"Polygon","coordinates":[[[-75.05465,40.04464],[-75.04592,40.03964],[-75.0432,40.04032],[-75.03382,40.04466],[-75.036,40.04497],[-75.03925,40.04598],[-75.04132,40.04729],[-75.04369,40.0475],[-75.04527,40.04651],[-75.04778,40.04625],[-75.04938,40.04677],[-75.05188,40.04711],[-75.05172,40.04738],[-75.05465,40.04464]]]}},{"type":"Feature","properties":{"GEOID":"42101980200","tract":"Tract 9802","median_rent":null,"households":13.0,"renter_households":0.0,"renter_share":0.0},"geometry":{"type":"Polygon","coordinates":[[[-75.07427,40.08737],[-75.07449,40.08679],[-75.07278,40.08686],[-75.07169,40.08698],[-75.07092,40.08687],[-75.07034,40.08667],[-75.06877,40.08534],[-75.06823,40.08504],[-75.06461,40.08486],[-75.064,40.08497],[-75.0632,40.08487],[-75.06229,40.08448],[-75.06792,40.0806],[-75.06846,40.08016],[-75.0676,40.0788],[-75.0662,40.07793],[-75.06627,40.07754],[-75.0672,40.07588],[-75.06782,40.0741],[-75.06896,40.07236],[-75.06898,40.07202],[-75.06877,40.07171],[-75.06572,40.07019],[-75.0626,40.072],[-75.0585,40.0748],[-75.05617,40.07353],[-75.05586,40.07325],[-75.05567,40.07385],[-75.04935,40.07704],[-75.04826,40.07703],[-75.04707,40.07663],[-75.04579,40.07533],[-75.04415,40.07304],[-75.04395,40.07252],[-75.0451,40.06962],[-75.04588,40.06965],[-75.04738,40.07056],[-75.04796,40.06998],[-75.04776,40.06939],[-75.04711,40.06804],[-75.04735,40.06724],[-75.04796,40.06682],[-75.04659,40.06589],[-75.04467,40.06484],[-75.0432,40.06501],[-75.04174,40.06466],[-75.04162,40.06455],[-75.03908,40.06167],[-75.03854,40.06086],[-75.03865,40.05841],[-75.03859,40.05769],[-75.03872,40.05643],[-75.04,40.05441],[-75.04005,40.05343],[-75.04152,40.05176],[-75.04153,40.05082],[-75.04163,40.05058],[-75.04193,40.0502],[-75.04228,40.04999],[-75.04703,40.04811],[-75.04737,40.04804],[-75.04796,40.04802],[-75.04875,40.04821],[-75.05046,40.0492],[-75.05106,40.04902],[-75.05094,40.05022],[-75.0515,40.05046],[-75.05169,40.04821],[-75.0518,40.04777],[-75.05217,40.04707],[-75.05246,40.04673],[-75.05172,40.04738],[-75.05188,40.04711],[-75.04938,40.04677],[-75.04778,40.04625],[-75.04755,40.04626],[-75.04527,40.04651],[-75.04369,40.0475],[-75.04132,40.04729],[-75.03925,40.04598],[-75.036,40.04497],[-75.03382,40.04466],[-75.03154,40.04568],[-75.03178,40.04614],[-75.03185,40.04662],[-75.03163,40.04785],[-75.03128,40.04795],[-75.03049,40.04841],[-75.02967,40.04863],[-75.02889,40.04865],[-75.02622,40.04827],[-75.02604,40.04816],[-75.02432,40.04898],[-75.02428,40.0489],[-75.02301,40.0492],[-75.02134,40.04829],[-75.02049,40.04639],[-75.02061,40.04569],[-75.02133,40.04489],[-75.02156,40.0444],[-75.02175,40.04367],[-75.02028,40.04352],[-75.01952,40.04362],[-75.0189,40.04384],[-75.0185,40.04408],[-75.01904,40.04475],[-75.01896,40.04591],[-75.01941,40.04647],[-75.01777,40.04771],[-75.01737,40.04814],[-75.01707,40.04861],[-75.01687,40.04911],[-75.01681,40.0499],[-75.01691,40.05069],[-75.01708,40.0512],[-75.01736,40.05168],[-75.0182,40.05251],[-75.02337,40.05533],[-75.02425,40.05399],[-75.02293,40.05325],[-75.02333,40.05263],[-75.02273,40.05239],[-75.02376,40.05127],[-75.02418,40.05104],[-75.02499,40.05073],[-75.02576,40.05061],[-75.02613,40.05061],[-75.02951,40.05133],[-75.02998,40.05138],[-75.03114,40.05136],[-75.0317,40.05161],[-75.03193,40.0519],[-75.03222,40.0525],[-75.03235,40.05259],[-75.03255,40.05262],[-75.03322,40.05239],[-75.03369,40.05214],[-75.03478,40.05129],[-75.03525,40.05122],[-75.0355,40.05126],[-75.03586,40.05143],[-75.03602,40.0516],[-75.03612,40.05195],[-75.03589,40.05245],[-75.03587,40.05272],[-75.0362,40.05324],[-75.03647,40.05397],[-75.03637,40.05446],[-75.03506,40.05733],[-75.0352,40.05761],[-75.03553,40.05881],[-75.03423,40.0627],[-75.03528,40.06499],[-75.04009,40.06792],[-75.0403,40.06787],[-75.0406,40.06804],[-75.04205,40.06917],[-75.04211,40.07004],[-75.0417,40.07062],[-75.04161,40.07063],[-75.04127,40.07119],[-75.03975,40.07241],[-75.04312,40.07717],[-75.04389,40.07754],[-75.04315,40.07847],[-75.04351,40.07851],[-75.04371,40.07832],[-75.04559,40.07849],[-75.04481,40.07971],[-75.04625,40.08146],[-75.04729,40.08293],[-75.05103,40.08009],[-75.05176,40.08022],[-75.05274,40.07943],[-75.05521,40.08119],[-75.05706,40.08682],[-75.05581,40.0881],[-75.05672,40.08936],[-75.05707,40.0897],[-75.05787,40.09006],[-75.05834,40.09015],[-75.06392,40.0906],[-75.06465,40.09098],[-75.06613,40.09242],[-75.06695,40.09176],[-75.06768,40.09129],[-75.07218,40.08852],[-75.07255,40.08831],[-75.07362,40.08791],[-75.07427,40.08737]]]}},{"type":"Feature","properties":{"GEOID":"42101000200","tract":"Tract 2","median_rent":1768.0,"households":1742.0,"renter_households":932.0,"renter_share":0.535},"geometry":{"type":"Polygon","coordinates":[[[-75.16234,39.95782],[-75.16309,39.9544],[-75.15154,39.95295],[-75.15112,39.95485],[-75.15167,39.95491],[-75.15132,39.95658],[-75.1511,39.95714],[-75.15088,39.95742],[-75.15289,39.95688],[-75.15378,39.95679],[-75.15445,39.95678],[-75.16234,39.95782]]]}},{"type":"Feature","properties":{"GEOID":"42101000300","tract":"Tract 3","median_rent":2102.0,"households":2804.0,"renter_households":2268.0,"renter_share":0.809},"geometry":{"type":"Polygon","coordinates":[[[-75.17994,39.96003],[-75.17913,39.958],[-75.17972,39.95616],[-75.17823,39.95565],[-75.17753,39.95549],[-75.17738,39.95618],[-75.16309,39.9544],[-75.16234,39.95782],[-75.17994,39.96003]]]}},{"type":"Feature","properties":{"GEOID":"42101014900","tract":"Tract 149","median_rent":973.0,"households":2146.0,"renter_households":1182.0,"renter_share":0.551},"geometry":{"type":"Polygon","coordinates":[[[-75.18803,39.98413],[-75.18866,39.98121],[-75.1728,39.97916],[-75.17216,39.9821],[-75.18803,39.98413]]]}},{"type":"Feature","properties":{"GEOID":"42101014700","tract":"Tract 147","median_rent":1213.0,"households":1371.0,"renter_households":1185.0,"renter_share":0.864},"geometry":{"type":"Polygon","coordinates":[[[-75.16551,39.98124],[-75.16646,39.97688],[-75.15853,39.97585],[-75.15758,39.98022],[-75.16551,39.98124]]]}},{"type":"Feature","properties":{"GEOID":"42101014800","tract":"Tract 148","median_rent":863.0,"households":525.0,"renter_households":427.0,"renter_share":0.813},"geometry":{"type":"Polygon","coordinates":[[[-75.17216,39.9821],[-75.1728,39.97916],[-75.16616,39.97831],[-75.16551,39.98124],[-75.17216,39.9821]]]}},{"type":"Feature","properties":{"GEOID":"42101023100","tract":"Tract 231","median_rent":1920.0,"households":565.0,"renter_households":174.0,"renter_share":0.308},"geometry":{"type":"Polygon","coordinates":[[[-75.20582,40.07011],[-75.20957,40.06637],[-75.20678,40.06475],[-75.20615,40.06538],[-75.20474,40.06454],[-75.20714,40.06214],[-75.20374,40.06014],[-75.20322,40.05995],[-75.20255,40.05988],[-75.20239,40.06044],[-75.20191,40.06115],[-75.20181,40.06156],[-75.20192,40.06197],[-75.20248,40.06265],[-75.2012,40.06396],[-75.20036,40.06348],[-75.1998,40.06395],[-75.19866,40.06451],[-75.19848,40.06466],[-75.19788,40.06546],[-75.19705,40.06608],[-75.19664,40.06648],[-75.19639,40.06662],[-75.19653,40.06712],[-75.19674,40.06736],[-75.19867,40.06858],[-75.19985,40.06962],[-75.20131,40.07136],[-75.20265,40.07321],[-75.20423,40.07168],[-75.20292,40.07085],[-75.20417,40.06959],[-75.20441,40.06942],[-75.20582,40.07011]]]}},{"type":"Feature","properties":{"GEOID":"42101023500","tract":"Tract 235","median_rent":1570.0,"households":555.0,"renter_households":244.0,"renter_share":0.44},"geometry":{"type":"Polygon","coordinates":[[[-75.20962,40.04705],[-75.20997,40.04708],[-75.20886,40.04626],[-75.20986,40.04611],[-75.20976,40.04564],[-75.20994,40.04464],[-75.20878,40.04325],[-75.20876,40.04298],[-75.20817,40.04199],[-75.20702,40.0416],[-75.20573,40.04221],[-75.20505,40.04312],[-75.20528,40.04268],[-75.20509,40.04162],[-75.20594,40.04067],[-75.20555,40.03906],[-75.20316,40.03764],[-75.20325,40.03809],[-75.20285,40.0395],[-75.19961,40.03682],[-75.19859,40.03722],[-75.19823,40.03656],[-75.19782,40.03475],[-75.19753,40.03389],[-75.19712,40.03338],[-75.19694,40.03327],[-75.19413,40.03228],[-75.19334,40.03206],[-75.19265,40.03201],[-75.19186,40.03208],[-75.19079,40.03111],[-75.18906,40.03191],[-75.20701,40.04706],[-75.20663,40.04742],[-75.20805,40.04749],[-75.20962,40.04705]]]}},{"type":"Feature","properties":{"GEOID":"42101023600","tract":"Tract 236","median_rent":1488.0,"households":1166.0,"renter_households":396.0,"renter_share":0.34},"geometry":{"type":"Polygon","coordinates":[[[-75.20103,40.04319],[-75.20143,40.0424],[-75.2003,40.04141],[-75.19313,40.03538],[-75.19294,40.03546],[-75.18731,40.04093],[-75.19309,40.04459],[-75.19221,40.04665],[-75.19211,40.04716],[-75.19212,40.04768],[-75.19229,40.04815],[-75.1925,40.04845],[-75.1931,40.04904],[-75.19379,40.04951],[-75.19431,40.05025],[-75.19441,40.05064],[-75.19438,40.05094],[-75.19433,40.05119],[-75.19408,40.05163],[-75.19433,40.05171],[-75.19651,40.04919],[-75.19941,40.04647],[-75.19841,40.04583],[-75.20051,40.04384],[-75.20103,40.04319]]]}},{"type":"Feature","properties":{"GEOID":"42101023700","tract":"Tract 237","median_rent":1252.0,"households":2382.0,"renter_households":1371.0,"renter_share":0.576},"geometry":{"type":"Polygon","coordinates":[[[-75.19422,40.0514],[-75.19441,40.05064],[-75.19431,40.05025],[-75.194,40.04975],[-75.19363,40.04936],[-75.1931,40.04904],[-75.19273,40.04872],[-75.19229,40.04815],[-75.19212,40.04768],[-75.19211,40.04716],[-75.19221,40.04665],[-75.19309,40.04459],[-75.18731,40.04093],[-75.1822,40.04589],[-75.1842,40.04977],[-75.18808,40.0569],[-75.19175,40.0546],[-75.19297,40.05527],[-75.19395,40.05436],[-75.19363,40.05412],[-75.19337,40.0538],[-75.19326,40.05346],[-75.19326,40.05306],[-75.19422,40.0514]]]}},{"type":"Feature","properties":{"GEOID":"42101023900","tract":"Tract 239","median_rent":1500.0,"households":1172.0,"renter_households":1086.0,"renter_share":0.927},"geometry":{"type":"Polygon","coordinates":[[[-75.19294,40.03546],[-75.19313,40.03538],[-75.18738,40.03042],[-75.18619,40.02947],[-75.18389,40.03052],[-75.18123,40.0331],[-75.1884,40.03726],[-75.18813,40.03731],[-75.18792,40.03755],[-75.18803,40.03765],[-75.1888,40.03948],[-75.19294,40.03546]]]}},{"type":"Feature","properties":{"GEOID":"42101024000","tract":"Tract 240","median_rent":1098.0,"households":2193.0,"renter_households":1583.0,"renter_share":0.722},"geometry":{"type":"Polygon","coordinates":[[[-75.18619,40.02947],[-75.18423,40.02786],[-75.17814,40.0226],[-75.17404,40.02659],[-75.17511,40.02725],[-75.17361,40.02869],[-75.18123,40.0331],[-75.18389,40.03052],[-75.18619,40.02947]]]}},{"type":"Feature","properties":{"GEOID":"42101024100","tract":"Tract 241","median_rent":884.0,"households":727.0,"renter_households":594.0,"renter_share":0.817},"geometry":{"type":"Polygon","coordinates":[[[-75.18123,40.0331],[-75.17457,40.02924],[-75.17061,40.03313],[-75.17351,40.03483],[-75.17521,40.03623],[-75.17643,40.03779],[-75.18123,40.0331]]]}},{"type":"Feature","properties":{"GEOID":"42101021600","tract":"Tract 216","median_rent":1690.0,"households":1231.0,"renter_households":841.0,"renter_share":0.683},"geometry":{"type":"Polygon","coordinates":[[[-75.2513,40.04351],[-75.24904,40.04185],[-75.24792,40.04076],[-75.247,40.03974],[-75.24617,40.03829],[-75.2456,40.03765],[-75.24524,40.03736],[-75.24366,40.03663],[-75.24218,40.03576],[-75.24152,40.03521],[-75.24067,40.03417],[-75.2401,40.03365],[-75.23659,40.03129],[-75.23477,40.03016],[-75.23426,40.03089],[-75.23344,40.03174],[-75.23339,40.03191],[-75.23564,40.03425],[-75.22944,40.03976],[-75.22627,40.0424],[-75.22875,40.044],[-75.23117,40.04492],[-75.23245,40.04557],[-75.23294,40.04593],[-75.2348,40.04758],[-75.23542,40.04877],[-75.23776,40.04772],[-75.23794,40.04758],[-75.23847,40.04735],[-75.24014,40.04669],[-75.24177,40.04597],[-75.24182,40.04604],[-75.24262,40.04566],[-75.24348,40.04538],[-75.24404,40.04609],[-75.24475,40.04577],[-75.24487,40.04582],[-75.24533,40.04642],[-75.2453,40.04658],[-75.24489,40.04715],[-75.24557,40.04743],[-75.24632,40.04765],[-75.24643,40.04775],[-75.24634,40.04822],[-75.2461,40.04861],[-75.24568,40.04894],[-75.24565,40.04912],[-75.24573,40.04926],[-75.24674,40.04852],[-75.24705,40.04813],[-75.24768,40.04703],[-75.24793,40.04672],[-75.24927,40.04534],[-75.25008,40.04466],[-75.25012,40.04468],[-75.25045,40.04434],[-75.25065,40.04394],[-75.2513,40.04351]]]}},{"type":"Feature","properties":{"GEOID":"42101021700","tract":"Tract 217","median_rent":1665.0,"households":2718.0,"renter_households":806.0,"renter_share":0.297},"geometry":{"type":"Polygon","coordinates":[[[-75.23542,40.04877],[-75.2348,40.04758],[-75.23294,40.04593],[-75.23245,40.04557],[-75.23117,40.04492],[-75.22875,40.044],[-75.22638,40.04251],[-75.22523,40.04132],[-75.22281,40.03811],[-75.22205,40.03777],[-75.2194,40.03691],[-75.21876,40.03665],[-75.21303,40.03941],[-75.21618,40.04156],[-75.21692,40.04225],[-75.21733,40.04284],[-75.21767,40.04357],[-75.21785,40.04434],[-75.21783,40.0471],[-75.21801,40.04767],[-75.21851,40.04834],[-75.21895,40.04867],[-75.21977,40.0491],[-75.22716,40.05253],[-75.23542,40.04877]]]}},{"type":"Feature","properties":{"GEOID":"42101021900","tract":"Tract 219","median_rent":2067.0,"households":669.0,"renter_households":63.0,"renter_share":0.094},"geometry":{"type":"Polygon","coordinates":[[[-75.25438,40.04657],[-75.25468,40.04592],[-75.25432,40.04575],[-75.25288,40.04473],[-75.2513,40.04351],[-75.25065,40.04394],[-75.25045,40.04434],[-75.25012,40.04468],[-75.25008,40.04466],[-75.24927,40.04534],[-75.24793,40.04672],[-75.24768,40.04703],[-75.24705,40.04813],[-75.24674,40.04852],[-75.24573,40.04926],[-75.24565,40.04912],[-75.24568,40.04894],[-75.2461,40.04861],[-75.24634,40.04822],[-75.24643,40.04775],[-75.24632,40.04765],[-75.24557,40.04743],[-75.24489,40.04715],[-75.2453,40.04658],[-75.24533,40.04642],[-75.24487,40.04582],[-75.24475,40.04577],[-75.24404,40.04609],[-75.24348,40.04538],[-75.24262,40.04566],[-75.24182,40.04604],[-75.24177,40.04597],[-75.24014,40.04669],[-75.23847,40.04735],[-75.23794,40.04758],[-75.23776,40.04772],[-75.23542,40.04877],[-75.2363,40.05104],[-75.23633,40.05137],[-75.23621,40.05305],[-75.23592,40.05508],[-75.23593,40.05585],[-75.23604,40.05671],[-75.23639,40.0574],[-75.23818,40.05977],[-75.25389,40.04887],[-75.25406,40.04872],[-75.25414,40.04846],[-75.25398,40.04773],[-75.25373,40.04738],[-75.25463,40.04759],[-75.25384,40.04698],[-75.25438,40.04657]]]}},{"type":"Feature","properties":{"GEOID":"42101022000","tract":"Tract 220","median_rent":2313.0,"households":769.0,"renter_households":329.0,"renter_share":0.428},"geometry":{"type":"Polygon","coordinates":[[[-75.26386,40.05456],[-75.26443,40.05409],[-75.25962,40.04924],[-75.25766,40.04761],[-75.25589,40.0465],[-75.25468,40.04592],[-75.25438,40.04657],[-75.25384,40.04698],[-75.25463,40.04759],[-75.25373,40.04738],[-75.25398,40.04773],[-75.25414,40.04846],[-75.25406,40.04872],[-75.25389,40.04887],[-75.23818,40.05977],[-75.23885,40.06082],[-75.2391,40.06153],[-75.23978,40.06434],[-75.24009,40.06734],[-75.24032,40.06838],[-75.24084,40.06982],[-75.24122,40.07066],[-75.24205,40.07195],[-75.24329,40.07349],[-75.25434,40.06331],[-75.25442,40.06309],[-75.25589,40.06167],[-75.25642,40.0612],[-75.25671,40.06114],[-75.26386,40.05456]]]}},{"type":"Feature","properties":{"GEOID":"42101000902","tract":"Tract 9.02","median_rent":1630.0,"households":1367.0,"renter_households":1216.0,"renter_share":0.89},"geometry":{"type":"Polygon","coordinates":[[[-75.15975,39.94878],[-75.16027,39.94642],[-75.15318,39.94554],[-75.15302,39.9463],[-75.15343,39.94635],[-75.1535,39.94644],[-75.15317,39.94796],[-75.15975,39.94878]]]}},{"type":"Feature","properties":{"GEOID":"42101001201","tract":"Tract 12.01","median_rent":2071.0,"households":2094.0,"renter_households":1160.0,"renter_share":0.554},"geometry":{"type":"Polygon","coordinates":[[[-75.18563,39.94802],[-75.18723,39.94718],[-75.18591,39.94622],[-75.18568,39.94616],[-75.17505,39.94483],[-75.17432,39.94818],[-75.18113,39.94901],[-75.18258,39.94928],[-75.18329,39.94951],[-75.18515,39.94839],[-75.18563,39.94802]]]}},{"type":"Feature","properties":{"GEOID":"42101002702","tract":"Tract 27.02","median_rent":2140.0,"households":1955.0,"renter_households":661.0,"renter_share":0.338},"geometry":{"type":"Polygon","coordinates":[[[-75.15131,39.93201],[-75.15294,39.92468],[-75.14784,39.92402],[-75.14637,39.93023],[-75.14617,39.93132],[-75.15131,39.93201]]]}},{"type":"Feature","properties":{"GEOID":"42101012204","tract":"Tract 122.04","median_rent":1341.0,"households":1979.0,"renter_households":971.0,"renter_share":0.491},"geometry":{"type":"Polygon","coordinates":[[[-75.22066,40.00394],[-75.21799,39.99422],[-75.21743,39.99469],[-75.21633,39.99583],[-75.21557,39.99624],[-75.21238,39.99719],[-75.20931,39.99822],[-75.20916,39.99834],[-75.20769,39.99809],[-75.20732,39.99874],[-75.20738,39.99876],[-75.20726,39.99912],[-75.20699,39.99907],[-75.20669,39.99917],[-75.20658,39.99935],[-75.20665,39.9996],[-75.20549,40.0009],[-75.20412,40.00033],[-75.20087,40.00443],[-75.20206,40.00473],[-75.20277,40.00378],[-75.20319,40.00339],[-75.20737,40.00277],[-75.21176,40.00202],[-75.21535,40.00124],[-75.21354,40.00655],[-75.21356,40.0068],[-75.21375,40.00716],[-75.21836,40.00507],[-75.22066,40.00394]]]}},{"type":"Feature","properties":{"GEOID":"42101012203","tract":"Tract 122.03","median_rent":2039.0,"households":792.0,"renter_households":792.0,"renter_share":1.0},"geometry":{"type":"Polygon","coordinates":[[[-75.21354,40.00655],[-75.21403,40.00508],[-75.21258,40.00479],[-75.21216,40.00485],[-75.21185,40.00499],[-75.21008,40.00639],[-75.20977,40.00698],[-75.20955,40.00714],[-75.20858,40.00638],[-75.20818,40.00624],[-75.20798,40.00625],[-75.20759,40.0064],[-75.20692,40.00691],[-75.20654,40.00712],[-75.20556,40.00737],[-75.20316,40.00826],[-75.20477,40.00877],[-75.20616,40.0091],[-75.20822,40.00995],[-75.21062,40.00865],[-75.21375,40.00716],[-75.21356,40.0068],[-75.21354,40.00655]]]}},{"type":"Feature","properties":{"GEOID":"42101013602","tract":"Tract 136.02","median_rent":1761.0,"households":2013.0,"renter_households":955.0,"renter_share":0.474},"geometry":{"type":"Polygon","coordinates":[[[-75.18637,39.97354],[-75.18593,39.97269],[-75.18544,39.972],[-75.18401,39.97078],[-75.18318,39.97075],[-75.17487,39.96971],[-75.17437,39.97204],[-75.18637,39.97354]]]}},{"type":"Feature","properties":{"GEOID":"42101034502","tract":"Tract 345.02","median_rent":1310.0,"households":2453.0,"renter_households":1426.0,"renter_share":0.581},"geometry":{"type":"Polygon","coordinates":[[[-75.04729,40.08293],[-75.04625,40.08146],[-75.04481,40.07971],[-75.04559,40.07849],[-75.04371,40.07832],[-75.04351,40.07851],[-75.04315,40.07847],[-75.04389,40.07754],[-75.04312,40.07717],[-75.04025,40.07999],[-75.0388,40.07921],[-75.03735,40.07854],[-75.03676,40.07908],[-75.03647,40.07764],[-75.03564,40.07553],[-75.03536,40.07494],[-75.03509,40.07462],[-75.02895,40.08097],[-75.03048,40.08182],[-75.0375,40.08546],[-75.0384,40.08447],[-75.03972,40.08593],[-75.04107,40.08717],[-75.04149,40.08734],[-75.04729,40.08293]]]}},{"type":"Feature","properties":{"GEOID":"42101038700","tract":"Tract 387","median_rent":1825.0,"households":850.0,"renter_households":227.0,"renter_share":0.267},"geometry":{"type":"Polygon","coordinates":[[[-75.22361,40.09291],[-75.2305,40.08602],[-75.2286,40.08487],[-75.22804,40.08445],[-75.22772,40.08432],[-75.22726,40.08424],[-75.22552,40.08441],[-75.22465,40.08436],[-75.22401,40.08422],[-75.22151,40.08322],[-75.21746,40.08057],[-75.20799,40.07695],[-75.2036,40.07433],[-75.20265,40.07321],[-75.20088,40.07496],[-75.20012,40.07537],[-75.1999,40.07541],[-75.19979,40.07537],[-75.1995,40.07547],[-75.19938,40.07578],[-75.19941,40.07589],[-75.19928,40.07596],[-75.19864,40.07681],[-75.1976,40.07799],[-75.20671,40.08321],[-75.20784,40.08378],[-75.2094,40.08493],[-75.20977,40.08513],[-75.21187,40.08609],[-75.21201,40.08597],[-75.21238,40.08599],[-75.2132,40.08686],[-75.21357,40.08715],[-75.22361,40.09291]]]}},{"type":"Feature","properties":{"GEOID":"42101038800","tract":"Tract 388","median_rent":1470.0,"households":1869.0,"renter_households":770.0,"renter_share":0.412},"geometry":{"type":"Polygon","coordinates":[[[-75.20366,40.0552],[-75.20485,40.05482],[-75.20373,40.05393],[-75.20334,40.0535],[-75.19651,40.04919],[-75.19433,40.05171],[-75.19408,40.05163],[-75.19346,40.05265],[-75.19326,40.05306],[-75.19326,40.05346],[-75.19337,40.0538],[-75.19363,40.05412],[-75.19395,40.05436],[-75.19297,40.05527],[-75.19175,40.0546],[-75.18808,40.0569],[-75.18838,40.05744],[-75.19001,40.05898],[-75.19129,40.06046],[-75.19415,40.06438],[-75.19509,40.06492],[-75.19573,40.06518],[-75.19602,40.0654],[-75.19639,40.06662],[-75.19664,40.06648],[-75.19705,40.06608],[-75.19788,40.06546],[-75.19848,40.06466],[-75.19866,40.06451],[-75.1998,40.06395],[-75.20036,40.06348],[-75.2012,40.06396],[-75.20248,40.06265],[-75.20192,40.06197],[-75.20181,40.06156],[-75.20191,40.06115],[-75.20239,40.06044],[-75.20255,40.05988],[-75.20186,40.05893],[-75.20182,40.0588],[-75.20187,40.05855],[-75.20179,40.05798],[-75.20192,40.05774],[-75.20182,40.05744],[-75.2019,40.05704],[-75.20186,40.05681],[-75.2027,40.05608],[-75.20276,40.05583],[-75.20293,40.05564],[-75.20322,40.05561],[-75.20335,40.05539],[-75.20366,40.0552]]]}},{"type":"Feature","properties":{"GEOID":"42101038900","tract":"Tract 389","median_rent":853.0,"households":1310.0,"renter_households":380.0,"renter_share":0.29},"geometry":{"type":"Polygon","coordinates":[[[-75.17719,40.05308],[-75.17289,40.05043],[-75.17218,40.04926],[-75.17175,40.04836],[-75.17088,40.0492],[-75.1677,40.04725],[-75.15889,40.05577],[-75.16864,40.06137],[-75.17358,40.05655],[-75.17476,40.05728],[-75.17619,40.05582],[-75.17574,40.05458],[-75.17576,40.05446],[-75.17719,40.05308]]]}},{"type":"Feature","properties":{"GEOID":"42101037600","tract":"Tract 376","median_rent":1986.0,"households":1790.0,"renter_households":1266.0,"renter_share":0.707},"geometry":{"type":"Polygon","coordinates":[[[-75.16138,39.96223],[-75.16234,39.95782],[-75.15445,39.95678],[-75.15378,39.95679],[-75.15289,39.95688],[-75.15017,39.95759],[-75.14888,39.95766],[-75.14803,39.96227],[-75.15338,39.96251],[-75.16119,39.96342],[-75.16141,39.96234],[-75.16138,39.96223]]]}},{"type":"Feature","properties":{"GEOID":"42101034200","tract":"Tract 342","median_rent":1405.0,"households":1628.0,"renter_households":987.0,"renter_share":0.606},"geometry":{"type":"Polygon","coordinates":[[[-75.08246,40.08288],[-75.08213,40.08311],[-75.07884,40.08205],[-75.06855,40.07629],[-75.06791,40.07598],[-75.06733,40.0755],[-75.0672,40.07588],[-75.06627,40.07754],[-75.0662,40.07793],[-75.0676,40.0788],[-75.06846,40.08016],[-75.06792,40.0806],[-75.06229,40.08448],[-75.0632,40.08487],[-75.064,40.08497],[-75.06461,40.08486],[-75.06823,40.08504],[-75.06877,40.08534],[-75.07034,40.08667],[-75.07092,40.08687],[-75.07169,40.08698],[-75.07278,40.08686],[-75.07449,40.08679],[-75.07449,40.08685],[-75.07427,40.08737],[-75.07388,40.08773],[-75.07362,40.08791],[-75.07255,40.08831],[-75.06881,40.09058],[-75.06695,40.09176],[-75.06613,40.09242],[-75.06601,40.0926],[-75.06843,40.09454],[-75.0685,40.09457],[-75.06946,40.09441],[-75.07781,40.08577],[-75.08119,40.08412],[-75.08246,40.08288]]]}},{"type":"Feature","properties":{"GEOID":"42101034400","tract":"Tract 344","median_rent":1458.0,"households":3012.0,"renter_households":251.0,"renter_share":0.083},"geometry":{"type":"Polygon","coordinates":[[[-75.06946,40.09441],[-75.0685,40.09457],[-75.06843,40.09454],[-75.06601,40.0926],[-75.06613,40.09242],[-75.06465,40.09098],[-75.06392,40.0906],[-75.05834,40.09015],[-75.05787,40.09006],[-75.05707,40.0897],[-75.0565,40.08908],[-75.05581,40.0881],[-75.05706,40.08682],[-75.05521,40.08119],[-75.05274,40.07943],[-75.05176,40.08022],[-75.05103,40.08009],[-75.04149,40.08734],[-75.04568,40.08902],[-75.04749,40.09174],[-75.04757,40.09192],[-75.0473,40.09276],[-75.04674,40.09524],[-75.04711,40.09838],[-75.04942,40.1018],[-75.05071,40.10281],[-75.05161,40.10393],[-75.05237,40.10523],[-75.05319,40.10641],[-75.05432,40.10869],[-75.05718,40.10669],[-75.05707,40.10663],[-75.05795,40.10616],[-75.05834,40.10589],[-75.06946,40.09441]]]}},{"type":"Feature","properties":{"GEOID":"42101034600","tract":"Tract 346","median_rent":1391.0,"households":1411.0,"renter_households":1021.0,"renter_share":0.724},"geometry":{"type":"Polygon","coordinates":[[[-75.03509,40.07462],[-75.03128,40.0702],[-75.02966,40.06815],[-75.02266,40.064],[-75.02239,40.06377],[-75.02222,40.06352],[-75.02171,40.06339],[-75.01313,40.07207],[-75.02895,40.08097],[-75.03509,40.07462]]]}},{"type":"Feature","properties":{"GEOID":"42101034701","tract":"Tract 347.01","median_rent":1369.0,"households":2808.0,"renter_households":904.0,"renter_share":0.322},"geometry":{"type":"Polygon","coordinates":[[[-75.0406,40.06804],[-75.0403,40.06787],[-75.04009,40.06792],[-75.03528,40.06499],[-75.03423,40.0627],[-75.03553,40.05881],[-75.0352,40.05761],[-75.03506,40.05733],[-75.03373,40.05688],[-75.03293,40.05673],[-75.02903,40.0564],[-75.02902,40.05662],[-75.02876,40.05678],[-75.029,40.05752],[-75.029,40.0578],[-75.02815,40.05934],[-75.02798,40.05986],[-75.02854,40.06655],[-75.02847,40.06698],[-75.02826,40.06731],[-75.02966,40.06815],[-75.03128,40.0702],[-75.03509,40.07462],[-75.03916,40.07037],[-75.03985,40.06945],[-75.0406,40.06804]]]}},{"type":"Feature","properties":{"GEOID":"42101019100","tract":"Tract 191","median_rent":1199.0,"households":2748.0,"renter_households":403.0,"renter_share":0.147},"geometry":{"type":"Polygon","coordinates":[[[-75.11136,40.01587],[-75.11399,40.00356],[-75.10986,40.00303],[-75.11002,40.00228],[-75.1042,40.00152],[-75.10181,40.00286],[-75.1038,40.00313],[-75.10156,40.01388],[-75.09743,40.01333],[-75.09706,40.0152],[-75.09704,40.01595],[-75.09778,40.01605],[-75.09849,40.0163],[-75.0988,40.01634],[-75.09953,40.01629],[-75.10042,40.01607],[-75.10093,40.01601],[-75.10199,40.01603],[-75.10257,40.01596],[-75.10377,40.01612],[-75.10503,40.01614],[-75.10532,40.01627],[-75.1061,40.01631],[-75.10662,40.01642],[-75.10692,40.0165],[-75.10715,40.01673],[-75.1076,40.01649],[-75.10778,40.01653],[-75.11136,40.01587]]]}},{"type":"Feature","properties":{"GEOID":"42101019200","tract":"Tract 192","median_rent":996.0,"households":2685.0,"renter_households":1283.0,"renter_share":0.478},"geometry":{"type":"Polygon","coordinates":[[[-75.12441,40.00263],[-75.12506,39.99963],[-75.11098,39.9978],[-75.1042,40.00152],[-75.11002,40.00228],[-75.10986,40.00303],[-75.11399,40.00356],[-75.11416,40.00281],[-75.11609,40.00307],[-75.11629,40.00214],[-75.1181,40.00239],[-75.11902,40.00196],[-75.12441,40.00263]]]}},{"type":"Feature","properties":{"GEOID":"42101011000","tract":"Tract 110","median_rent":1134.0,"households":1534.0,"renter_households":1080.0,"renter_share":0.704},"geometry":{"type":"Polygon","coordinates":[[[-75.21347,39.97779],[-75.21215,39.97301],[-75.20839,39.9721],[-75.20598,39.97143],[-75.20404,39.97102],[-75.20122,39.97021],[-75.20043,39.97053],[-75.19996,39.97079],[-75.19937,39.97119],[-75.199,39.97154],[-75.19846,39.97252],[-75.19857,39.97356],[-75.19881,39.97472],[-75.20372,39.97418],[-75.21347,39.97779]]]}},{"type":"Feature","properties":{"GEOID":"42101011100","tract":"Tract 111","median_rent":882.0,"households":1522.0,"renter_households":753.0,"renter_share":0.495},"geometry":{"type":"Polygon","coordinates":[[[-75.23017,39.97879],[-75.22873,39.97111],[-75.22584,39.97143],[-75.22537,39.96952],[-75.21717,39.97035],[-75.21744,39.97243],[-75.21777,39.97263],[-75.21221,39.97324],[-75.21347,39.97779],[-75.22316,39.98138],[-75.22368,39.98151],[-75.22407,39.98151],[-75.22676,39.97721],[-75.23017,39.97879]]]}},{"type":"Feature","properties":{"GEOID":"42101011300","tract":"Tract 113","median_rent":1106.0,"households":1480.0,"renter_households":449.0,"renter_share":0.303},"geometry":{"type":"Polygon","coordinates":[[[-75.23947,39.98111],[-75.23857,39.9761],[-75.22986,39.97707],[-75.23017,39.97879],[-75.2321,39.97969],[-75.23396,39.98037],[-75.23569,39.9808],[-75.23904,39.98195],[-75.23947,39.98111]]]}},{"type":"Feature","properties":{"GEOID":"42101011400","tract":"Tract 114","median_rent":1151.0,"households":3142.0,"renter_households":1493.0,"renter_share":0.475},"geometry":{"type":"Polygon","coordinates":[[[-75.25106,39.9816],[-75.24878,39.97892],[-75.24853,39.97854],[-75.24833,39.97797],[-75.2478,39.97508],[-75.23857,39.9761],[-75.23947,39.98111],[-75.23904,39.98195],[-75.23724,39.98484],[-75.23823,39.98503],[-75.24449,39.98567],[-75.24482,39.9858],[-75.2451,39.98599],[-75.24548,39.98662],[-75.24783,39.98552],[-75.24819,39.98547],[-75.24899,39.98511],[-75.24867,39.98468],[-75.24835,39.98297],[-75.25106,39.9816]]]}},{"type":"Feature","properties":{"GEOID":"42101011500","tract":"Tract 115","median_rent":1056.0,"households":1724.0,"renter_households":270.0,"renter_share":0.157},"geometry":{"type":"Polygon","coordinates":[[[-75.25592,39.97812],[-75.2552,39.97426],[-75.2478,39.97508],[-75.24833,39.97797],[-75.24853,39.97854],[-75.24878,39.97892],[-75.25106,39.9816],[-75.25221,39.98101],[-75.25254,39.98077],[-75.2531,39.98018],[-75.25372,39.97928],[-75.25425,39.97884],[-75.25482,39.97855],[-75.25592,39.97812]]]}},{"type":"Feature","properties":{"GEOID":"42101011800","tract":"Tract 118","median_rent":1229.0,"households":2100.0,"renter_households":287.0,"renter_share":0.137},"geometry":{"type":"Polygon","coordinates":[[[-75.24548,39.98662],[-75.2451,39.98599],[-75.24482,39.9858],[-75.24449,39.98567],[-75.23823,39.98503],[-75.23724,39.98484],[-75.23904,39.98195],[-75.23569,39.9808],[-75.23396,39.98037],[-75.2321,39.97969],[-75.22676,39.97721],[-75.2263,39.97795],[-75.22797,39.9786],[-75.22868,39.97917],[-75.22895,39.97965],[-75.22897,39.97992],[-75.22879,39.9807],[-75.22967,39.98104],[-75.23079,39.98252],[-75.23077,39.98267],[-75.23353,39.99065],[-75.23371,39.99218],[-75.23626,39.99097],[-75.23801,39.99063],[-75.23836,39.99049],[-75.23865,39.99033],[-75.23984,39.98929],[-75.24548,39.98662]]]}},{"type":"Feature","properties":{"GEOID":"42101011900","tract":"Tract 119","median_rent":1186.0,"households":2258.0,"renter_households":1096.0,"renter_share":0.485},"geometry":{"type":"Polygon","coordinates":[[[-75.23367,39.99188],[-75.23353,39.99065],[-75.23077,39.98267],[-75.23079,39.98252],[-75.22967,39.98104],[-75.22879,39.9807],[-75.22897,39.97992],[-75.22895,39.97965],[-75.22868,39.97917],[-75.22797,39.9786],[-75.2263,39.97795],[-75.22407,39.98151],[-75.22516,39.98134],[-75.2262,39.98161],[-75.22706,39.98269],[-75.22696,39.98381],[-75.22683,39.98432],[-75.22596,39.98646],[-75.22557,39.98715],[-75.22511,39.98758],[-75.22589,39.98813],[-75.22571,39.98944],[-75.22566,39.99147],[-75.23367,39.99188]]]}},{"type":"Feature","properties":{"GEOID":"42101012000","tract":"Tract 120","median_rent":1326.0,"households":683.0,"renter_households":418.0,"renter_share":0.612},"geometry":{"type":"Polygon","coordinates":[[[-75.22746,40.00075],[-75.2353,39.99707],[-75.23414,39.9956],[-75.23367,39.99188],[-75.22566,39.99147],[-75.22566,39.99585],[-75.22573,39.99666],[-75.22616,39.99821],[-75.22645,39.99897],[-75.22746,40.00075]]]}},{"type":"Feature","properties":{"GEOID":"42101000401","tract":"Tract 4.01","median_rent":1318.0,"households":2079.0,"renter_households":1422.0,"renter_share":0.684},"geometry":{"type":"Polygon","coordinates":[[[-75.18091,39.95298],[-75.17349,39.95205],[-75.17278,39.9556],[-75.17738,39.95618],[-75.17753,39.95549],[-75.17823,39.95565],[-75.17972,39.95616],[-75.18022,39.95447],[-75.18091,39.95298]]]}},{"type":"Feature","properties":{"GEOID":"42101034501","tract":"Tract 345.01","median_rent":1168.0,"households":2311.0,"renter_households":1999.0,"renter_share":0.865},"geometry":{"type":"Polygon","coordinates":[[[-75.04025,40.07999],[-75.04312,40.07717],[-75.03975,40.07241],[-75.04127,40.07119],[-75.04161,40.07063],[-75.0417,40.07062],[-75.04211,40.07004],[-75.04205,40.06917],[-75.0406,40.06804],[-75.03985,40.06945],[-75.03916,40.07037],[-75.03509,40.07462],[-75.03536,40.07494],[-75.03564,40.07553],[-75.03647,40.07764],[-75.03676,40.07908],[-75.03735,40.07854],[-75.0388,40.07921],[-75.04025,40.07999]]]}},{"type":"Feature","properties":{"GEOID":"42101000901","tract":"Tract 9.01","median_rent":1417.0,"households":1597.0,"renter_households":1410.0,"renter_share":0.883},"geometry":{"type":"Polygon","coordinates":[[[-75.16485,39.947],[-75.16027,39.94642],[-75.15975,39.94878],[-75.16434,39.94935],[-75.16485,39.947]]]}},{"type":"Feature","properties":{"GEOID":"42101017702","tract":"Tract 177.02","median_rent":1137.0,"households":1558.0,"renter_households":783.0,"renter_share":0.503},"geometry":{"type":"Polygon","coordinates":[[[-75.12663,39.99201],[-75.12711,39.99172],[-75.12683,39.9914],[-75.12703,39.99039],[-75.12595,39.99023],[-75.12549,39.98984],[-75.12031,39.99267],[-75.11899,39.99885],[-75.12506,39.99963],[-75.12664,39.99228],[-75.12663,39.99201]]]}},{"type":"Feature","properties":{"GEOID":"42101025300","tract":"Tract 253","median_rent":1184.0,"households":2216.0,"renter_households":848.0,"renter_share":0.383},"geometry":{"type":"Polygon","coordinates":[[[-75.18731,40.05548],[-75.1834,40.04825],[-75.17798,40.05356],[-75.17719,40.05308],[-75.17576,40.05446],[-75.17574,40.05458],[-75.17662,40.05514],[-75.18337,40.05922],[-75.18731,40.05548]]]}},{"type":"Feature","properties":{"GEOID":"42101035301","tract":"Tract 353.01","median_rent":1526.0,"households":2177.0,"renter_households":708.0,"renter_share":0.325},"geometry":{"type":"Polygon","coordinates":[[[-74.99882,40.06533],[-74.99865,40.06506],[-74.99827,40.06472],[-74.99838,40.06412],[-74.99395,40.06163],[-74.99322,40.0614],[-74.99171,40.0611],[-74.9911,40.06082],[-74.99043,40.0604],[-74.98558,40.06334],[-74.98373,40.06426],[-74.98236,40.06467],[-74.98242,40.06535],[-74.98236,40.06611],[-74.98173,40.06841],[-74.98135,40.07149],[-74.98117,40.07199],[-74.98317,40.07347],[-74.9849,40.07448],[-74.98557,40.07395],[-74.98604,40.07317],[-74.9869,40.07268],[-74.98709,40.07268],[-74.98741,40.07284],[-74.9887,40.07283],[-74.98945,40.07276],[-74.99049,40.07253],[-74.99259,40.07222],[-74.99334,40.072],[-74.99354,40.07183],[-74.99353,40.07131],[-74.99369,40.07113],[-74.99399,40.07095],[-74.99404,40.07098],[-74.99409,40.07088],[-74.99425,40.06993],[-74.99452,40.06962],[-74.99451,40.0695],[-74.99483,40.0691],[-74.99492,40.06908],[-74.99519,40.06866],[-74.99528,40.06816],[-74.99552,40.06789],[-74.99565,40.06746],[-74.996,40.06711],[-74.9962,40.06672],[-74.99641,40.06659],[-74.99736,40.06641],[-74.99827,40.06636],[-74.99871,40.06586],[-74.99882,40.06533]]]}},{"type":"Feature","properties":{"GEOID":"42101031900","tract":"Tract 319","median_rent":1284.0,"households":1783.0,"renter_households":790.0,"renter_share":0.443},"geometry":{"type":"Polygon","coordinates":[[[-75.07336,40.02537],[-75.07333,40.02529],[-75.0702,40.02272],[-75.06862,40.02151],[-75.06511,40.01751],[-75.06381,40.0182],[-75.06355,40.01848],[-75.05751,40.0216],[-75.06242,40.02714],[-75.06239,40.02744],[-75.06709,40.02678],[-75.07336,40.02537]]]}},{"type":"Feature","properties":{"GEOID":"42101028300","tract":"Tract 283","median_rent":1015.0,"households":2565.0,"renter_households":1281.0,"renter_share":0.499},"geometry":{"type":"Polygon","coordinates":[[[-75.14685,40.02948],[-75.14857,40.02148],[-75.14203,40.02063],[-75.14159,40.02081],[-75.1393,40.03129],[-75.1423,40.03168],[-75.14247,40.03177],[-75.14685,40.02948]]]}},{"type":"Feature","properties":{"GEOID":"42101008302","tract":"Tract 83.02","median_rent":1173.0,"households":1858.0,"renter_households":922.0,"renter_share":0.496},"geometry":{"type":"Polygon","coordinates":[[[-75.24274,39.9622],[-75.24472,39.95268],[-75.2388,39.95194],[-75.23817,39.95501],[-75.24014,39.95525],[-75.23878,39.96171],[-75.24274,39.9622]]]}},{"type":"Feature","properties":{"GEOID":"42101008400","tract":"Tract 84","median_rent":1332.0,"households":1816.0,"renter_households":812.0,"renter_share":0.447},"geometry":{"type":"Polygon","coordinates":[[[-75.23878,39.96171],[-75.24014,39.95525],[-75.23215,39.95426],[-75.2308,39.96072],[-75.23878,39.96171]]]}},{"type":"Feature","properties":{"GEOID":"42101008500","tract":"Tract 85","median_rent":1028.0,"households":3141.0,"renter_households":2015.0,"renter_share":0.642},"geometry":{"type":"Polygon","coordinates":[[[-75.2308,39.96072],[-75.23215,39.95426],[-75.22228,39.95304],[-75.22092,39.9595],[-75.2308,39.96072]]]}},{"type":"Feature","properties":{"GEOID":"42101009000","tract":"Tract 90","median_rent":1550.0,"households":1561.0,"renter_households":1374.0,"renter_share":0.88},"geometry":{"type":"Polygon","coordinates":[[[-75.18674,39.96345],[-75.1943,39.96261],[-75.19357,39.95869],[-75.19415,39.95618],[-75.18706,39.9553],[-75.18692,39.95602],[-75.18671,39.95623],[-75.18481,39.95602],[-75.18449,39.95691],[-75.18574,39.95732],[-75.18602,39.95747],[-75.18651,39.95784],[-75.18668,39.95828],[-75.18674,39.9594],[-75.18663,39.96229],[-75.18674,39.96345]]]}},{"type":"Feature","properties":{"GEOID":"42101003701","tract":"Tract 37.01","median_rent":1528.0,"households":2255.0,"renter_households":729.0,"renter_share":0.323},"geometry":{"type":"Polygon","coordinates":[[[-75.18524,39.93015],[-75.18603,39.92648],[-75.17609,39.9252],[-75.17529,39.92887],[-75.18524,39.93015]]]}},{"type":"Feature","properties":{"GEOID":"42101003702","tract":"Tract 37.02","median_rent":1585.0,"households":1323.0,"renter_households":561.0,"renter_share":0.424},"geometry":{"type":"Polygon","coordinates":[[[-75.18603,39.92648],[-75.18694,39.92232],[-75.1774,39.92409],[-75.17629,39.92425],[-75.17609,39.9252],[-75.18603,39.92648]]]}},{"type":"Feature","properties":{"GEOID":"42101003800","tract":"Tract 38","median_rent":1446.0,"households":1657.0,"renter_households":250.0,"renter_share":0.151},"geometry":{"type":"Polygon","coordinates":[[[-75.1903,39.91644],[-75.19025,39.91596],[-75.18994,39.9153],[-75.18948,39.91484],[-75.18901,39.91456],[-75.18841,39.91434],[-75.18261,39.91357],[-75.1796,39.91332],[-75.17781,39.91309],[-75.17762,39.91316],[-75.1773,39.91465],[-75.17718,39.91489],[-75.17827,39.91505],[-75.17744,39.91897],[-75.17708,39.92021],[-75.17717,39.92022],[-75.17629,39.92425],[-75.1774,39.92409],[-75.18965,39.92181],[-75.18944,39.92124],[-75.18945,39.92058],[-75.1903,39.91644]]]}},{"type":"Feature","properties":{"GEOID":"42101003901","tract":"Tract 39.01","median_rent":1213.0,"households":2998.0,"renter_households":1657.0,"renter_share":0.553},"geometry":{"type":"Polygon","coordinates":[[[-75.17556,39.92764],[-75.17717,39.92022],[-75.17403,39.91981],[-75.17375,39.92106],[-75.17058,39.92065],[-75.16923,39.92681],[-75.17556,39.92764]]]}},{"type":"Feature","properties":{"GEOID":"42101003902","tract":"Tract 39.02","median_rent":1405.0,"households":2310.0,"renter_households":539.0,"renter_share":0.233},"geometry":{"type":"Polygon","coordinates":[[[-75.17744,39.91897],[-75.17827,39.91505],[-75.17718,39.91489],[-75.1773,39.91465],[-75.17762,39.91316],[-75.17781,39.91309],[-75.17225,39.91239],[-75.17188,39.91426],[-75.17193,39.91437],[-75.17058,39.92065],[-75.17375,39.92106],[-75.17403,39.91981],[-75.17708,39.92021],[-75.17744,39.91897]]]}},{"type":"Feature","properties":{"GEOID":"42101004001","tract":"Tract 40.01","median_rent":1381.0,"households":2105.0,"renter_households":942.0,"renter_share":0.448},"geometry":{"type":"Polygon","coordinates":[[[-75.17031,39.92189],[-75.16341,39.92102],[-75.16234,39.92592],[-75.16735,39.92658],[-75.16827,39.9258],[-75.1695,39.92553],[-75.17031,39.92189]]]}},{"type":"Feature","properties":{"GEOID":"42101015300","tract":"Tract 153","median_rent":872.0,"households":1686.0,"renter_households":1371.0,"renter_share":0.813},"geometry":{"type":"Polygon","coordinates":[[[-75.16418,39.98731],[-75.16551,39.98124],[-75.15758,39.98022],[-75.15627,39.98628],[-75.16418,39.98731]]]}},{"type":"Feature","properties":{"GEOID":"42101004002","tract":"Tract 40.02","median_rent":1583.0,"households":2302.0,"renter_households":495.0,"renter_share":0.215},"geometry":{"type":"Polygon","coordinates":[[[-75.17031,39.92189],[-75.17142,39.91676],[-75.17127,39.91678],[-75.16453,39.91588],[-75.16341,39.92102],[-75.17031,39.92189]]]}},{"type":"Feature","properties":{"GEOID":"42101004101","tract":"Tract 41.01","median_rent":1540.0,"households":2142.0,"renter_households":745.0,"renter_share":0.348},"geometry":{"type":"Polygon","coordinates":[[[-75.16234,39.92592],[-75.16341,39.92102],[-75.1556,39.92001],[-75.15453,39.92489],[-75.16234,39.92592]]]}},{"type":"Feature","properties":{"GEOID":"42101011200","tract":"Tract 112","median_rent":1351.0,"households":2229.0,"renter_households":1176.0,"renter_share":0.528},"geometry":{"type":"Polygon","coordinates":[[[-75.23857,39.9761],[-75.23746,39.97014],[-75.22873,39.97111],[-75.22986,39.97707],[-75.23857,39.9761]]]}},{"type":"Feature","properties":{"GEOID":"42101002300","tract":"Tract 23","median_rent":1828.0,"households":1320.0,"renter_households":604.0,"renter_share":0.458},"geometry":{"type":"Polygon","coordinates":[[[-75.16764,39.93415],[-75.15952,39.9331],[-75.15735,39.9349],[-75.1602,39.9356],[-75.16708,39.93674],[-75.16764,39.93415]]]}},{"type":"Feature","properties":{"GEOID":"42101006200","tract":"Tract 62","median_rent":1308.0,"households":1671.0,"renter_households":920.0,"renter_share":0.551},"geometry":{"type":"Polygon","coordinates":[[[-75.23951,39.91898],[-75.23463,39.91485],[-75.22754,39.91984],[-75.23244,39.92397],[-75.23951,39.91898]]]}},{"type":"Feature","properties":{"GEOID":"42101032300","tract":"Tract 323","median_rent":904.0,"households":1534.0,"renter_households":822.0,"renter_share":0.536},"geometry":{"type":"Polygon","coordinates":[[[-75.05751,40.0216],[-75.0534,40.01691],[-75.05282,40.01612],[-75.04538,40.01987],[-75.0511,40.02641],[-75.05449,40.02465],[-75.0536,40.02362],[-75.05751,40.0216]]]}},{"type":"Feature","properties":{"GEOID":"42101000600","tract":"Tract 6","median_rent":2398.0,"households":1188.0,"renter_households":1179.0,"renter_share":0.992},"geometry":{"type":"Polygon","coordinates":[[[-75.16434,39.94935],[-75.15267,39.9479],[-75.15234,39.94942],[-75.16401,39.95088],[-75.16434,39.94935]]]}},{"type":"Feature","properties":{"GEOID":"42101001500","tract":"Tract 15","median_rent":1758.0,"households":1486.0,"renter_households":668.0,"renter_share":0.45},"geometry":{"type":"Polygon","coordinates":[[[-75.16599,39.94182],[-75.15589,39.94056],[-75.15277,39.94004],[-75.15233,39.94201],[-75.16558,39.94366],[-75.16599,39.94182]]]}},{"type":"Feature","properties":{"GEOID":"42101035701","tract":"Tract 357.01","median_rent":1214.0,"households":1932.0,"renter_households":1323.0,"renter_share":0.685},"geometry":{"type":"Polygon","coordinates":[[[-75.03324,40.10628],[-75.0339,40.10569],[-75.02888,40.10254],[-75.0263,40.10832],[-75.02304,40.113],[-75.02692,40.11527],[-75.02806,40.1157],[-75.02923,40.11597],[-75.02945,40.11552],[-75.03016,40.11498],[-75.02996,40.11448],[-75.0297,40.11453],[-75.02912,40.11451],[-75.02861,40.11429],[-75.02828,40.11408],[-75.02954,40.11285],[-75.02961,40.11267],[-75.02952,40.11245],[-75.02889,40.11207],[-75.02858,40.1118],[-75.02907,40.11152],[-75.03365,40.10691],[-75.03375,40.10678],[-75.03372,40.10664],[-75.03324,40.10628]]]}},{"type":"Feature","properties":{"GEOID":"42101035702","tract":"Tract 357.02","median_rent":1352.0,"households":1908.0,"renter_households":1121.0,"renter_share":0.588},"geometry":{"type":"Polygon","coordinates":[[[-75.04854,40.11273],[-75.04781,40.11224],[-75.03946,40.10736],[-75.03884,40.10711],[-75.03778,40.10687],[-75.03606,40.10678],[-75.03564,40.10667],[-75.03522,40.1065],[-75.0339,40.10569],[-75.03324,40.10628],[-75.03372,40.10664],[-75.03375,40.10678],[-75.03365,40.10691],[-75.02907,40.11152],[-75.02858,40.1118],[-75.02889,40.11207],[-75.02952,40.11245],[-75.02961,40.11267],[-75.02954,40.11285],[-75.02828,40.11408],[-75.02861,40.11429],[-75.02912,40.11451],[-75.0297,40.11453],[-75.02996,40.11448],[-75.03016,40.11498],[-75.02945,40.11552],[-75.02923,40.11597],[-75.03006,40.1163],[-75.03635,40.12017],[-75.03649,40.12039],[-75.03767,40.12014],[-75.03784,40.12021],[-75.04854,40.11273]]]}},{"type":"Feature","properties":{"GEOID":"42101006500","tract":"Tract 65","median_rent":954.0,"households":1751.0,"renter_households":971.0,"renter_share":0.555},"geometry":{"type":"Polygon","coordinates":[[[-75.24703,39.94341],[-75.24666,39.94276],[-75.24619,39.94261],[-75.24466,39.94259],[-75.24353,39.94244],[-75.24342,39.94241],[-75.24354,39.94231],[-75.24336,39.94235],[-75.24303,39.94221],[-75.24295,39.94225],[-75.24118,39.94226],[-75.24037,39.94217],[-75.24015,39.94209],[-75.23956,39.9413],[-75.2394,39.94074],[-75.23953,39.94043],[-75.24063,39.93919],[-75.24074,39.93897],[-75.24071,39.93873],[-75.24014,39.93824],[-75.23957,39.93804],[-75.23943,39.93816],[-75.23796,39.93823],[-75.2365,39.93846],[-75.23529,39.93832],[-75.235,39.93813],[-75.23474,39.93688],[-75.23492,39.93659],[-75.23492,39.93633],[-75.23526,39.93596],[-75.23632,39.93533],[-75.23665,39.93421],[-75.23666,39.93355],[-75.23691,39.93307],[-75.23722,39.93269],[-75.23744,39.93256],[-75.23795,39.93247],[-75.23876,39.9327],[-75.23965,39.93332],[-75.2405,39.9336],[-75.24094,39.93365],[-75.24174,39.93358],[-75.24177,39.93348],[-75.24185,39.93347],[-75.24195,39.93353],[-75.24223,39.93338],[-75.24313,39.93209],[-75.24342,39.93184],[-75.24364,39.9309],[-75.24075,39.93026],[-75.23773,39.92932],[-75.23548,39.92888],[-75.22725,39.93466],[-75.23242,39.939],[-75.23357,39.94026],[-75.24027,39.94587],[-75.24703,39.94341]]]}},{"type":"Feature","properties":{"GEOID":"42101006600","tract":"Tract 66","median_rent":934.0,"households":1450.0,"renter_households":988.0,"renter_share":0.681},"geometry":{"type":"Polygon","coordinates":[[[-75.23699,39.92782],[-75.23244,39.92397],[-75.2227,39.93081],[-75.22725,39.93466],[-75.23699,39.92782]]]}},{"type":"Feature","properties":{"GEOID":"42101006700","tract":"Tract 67","median_rent":1453.0,"households":3122.0,"renter_households":1788.0,"renter_share":0.573},"geometry":{"type":"Polygon","coordinates":[[[-75.23244,39.92397],[-75.22664,39.91909],[-75.22588,39.91852],[-75.22421,39.91783],[-75.22324,39.91759],[-75.21677,39.92696],[-75.21943,39.92808],[-75.2227,39.93081],[-75.23244,39.92397]]]}},{"type":"Feature","properties":{"GEOID":"42101007200","tract":"Tract 72","median_rent":1230.0,"households":1916.0,"renter_households":1016.0,"renter_share":0.53},"geometry":{"type":"Polygon","coordinates":[[[-75.23727,39.94646],[-75.24027,39.94587],[-75.23363,39.94029],[-75.2268,39.94508],[-75.22757,39.94566],[-75.2283,39.9457],[-75.22869,39.94591],[-75.2282,39.94627],[-75.22959,39.94744],[-75.22945,39.94778],[-75.2317,39.9478],[-75.23727,39.94646]]]}},{"type":"Feature","properties":{"GEOID":"42101001102","tract":"Tract 11.02","median_rent":1752.0,"households":1584.0,"renter_households":801.0,"renter_share":0.506},"geometry":{"type":"Polygon","coordinates":[[[-75.15948,39.94633],[-75.1602,39.943],[-75.15392,39.9422],[-75.15318,39.94554],[-75.15948,39.94633]]]}},{"type":"Feature","properties":{"GEOID":"42101000803","tract":"Tract 8.03","median_rent":1762.0,"households":2338.0,"renter_households":1242.0,"renter_share":0.531},"geometry":{"type":"Polygon","coordinates":[[[-75.17732,39.95096],[-75.17784,39.94861],[-75.17118,39.94778],[-75.17067,39.95013],[-75.17732,39.95096]]]}},{"type":"Feature","properties":{"GEOID":"42101017201","tract":"Tract 172.01","median_rent":1397.0,"households":1492.0,"renter_households":592.0,"renter_share":0.397},"geometry":{"type":"Polygon","coordinates":[[[-75.172,39.99783],[-75.17235,39.99624],[-75.16757,39.99562],[-75.1659,40.00327],[-75.16909,40.00367],[-75.17042,39.99762],[-75.172,39.99783]]]}},{"type":"Feature","properties":{"GEOID":"42101008601","tract":"Tract 86.01","median_rent":1618.0,"households":1594.0,"renter_households":1186.0,"renter_share":0.744},"geometry":{"type":"Polygon","coordinates":[[[-75.2218,39.95532],[-75.22228,39.95304],[-75.21239,39.95181],[-75.21168,39.95524],[-75.21464,39.95561],[-75.21488,39.95446],[-75.2218,39.95532]]]}},{"type":"Feature","properties":{"GEOID":"42101037700","tract":"Tract 377","median_rent":1159.0,"households":1729.0,"renter_households":1485.0,"renter_share":0.859},"geometry":{"type":"Polygon","coordinates":[[[-75.15627,39.98628],[-75.15758,39.98022],[-75.14501,39.9786],[-75.14405,39.98372],[-75.14415,39.98472],[-75.15627,39.98628]]]}},{"type":"Feature","properties":{"GEOID":"42101019502","tract":"Tract 195.02","median_rent":1070.0,"households":1206.0,"renter_households":531.0,"renter_share":0.44},"geometry":{"type":"Polygon","coordinates":[[[-75.13767,40.00364],[-75.13785,40.0028],[-75.12473,40.00112],[-75.12395,40.00481],[-75.12994,40.00514],[-75.13165,40.00516],[-75.13302,40.0051],[-75.13467,40.00477],[-75.13767,40.00364]]]}},{"type":"Feature","properties":{"GEOID":"42101019501","tract":"Tract 195.01","median_rent":1145.0,"households":1903.0,"renter_households":1214.0,"renter_share":0.638},"geometry":{"type":"Polygon","coordinates":[[[-75.13785,40.0028],[-75.13852,39.99974],[-75.12538,39.99804],[-75.12473,40.00112],[-75.13785,40.0028]]]}},{"type":"Feature","properties":{"GEOID":"42101028902","tract":"Tract 289.02","median_rent":991.0,"households":1961.0,"renter_households":620.0,"renter_share":0.316},"geometry":{"type":"Polygon","coordinates":[[[-75.12184,40.02616],[-75.12228,40.02565],[-75.11973,40.02602],[-75.11945,40.02592],[-75.12014,40.02263],[-75.11611,40.02211],[-75.11624,40.02056],[-75.11222,40.02006],[-75.11395,40.0186],[-75.10868,40.01794],[-75.10902,40.01629],[-75.10778,40.01653],[-75.1076,40.01649],[-75.10715,40.01673],[-75.10746,40.01702],[-75.10753,40.01748],[-75.10742,40.01785],[-75.10716,40.01821],[-75.10595,40.01871],[-75.1057,40.01891],[-75.10551,40.0192],[-75.10537,40.01926],[-75.10517,40.01932],[-75.10409,40.01935],[-75.10374,40.01952],[-75.10355,40.02044],[-75.10342,40.02075],[-75.10317,40.021],[-75.10315,40.02111],[-75.10362,40.02235],[-75.10418,40.02293],[-75.10415,40.02319],[-75.10425,40.02334],[-75.10456,40.02352],[-75.10491,40.02363],[-75.10515,40.02349],[-75.10522,40.0232],[-75.10543,40.02301],[-75.1059,40.02294],[-75.10609,40.02297],[-75.10661,40.0233],[-75.1069,40.02337],[-75.10722,40.02322],[-75.10776,40.02312],[-75.10807,40.02298],[-75.10809,40.02269],[-75.1082,40.02258],[-75.10859,40.02231],[-75.10909,40.02218],[-75.10967,40.02218],[-75.11072,40.02242],[-75.11094,40.02261],[-75.11103,40.02304],[-75.11135,40.02357],[-75.11155,40.0245],[-75.11135,40.02545],[-75.11151,40.02564],[-75.1122,40.02581],[-75.11253,40.02595],[-75.11263,40.02606],[-75.11275,40.02636],[-75.11288,40.02746],[-75.12184,40.02616]]]}},{"type":"Feature","properties":{"GEOID":"42101033101","tract":"Tract 331.01","median_rent":1348.0,"households":1762.0,"renter_households":415.0,"renter_share":0.236},"geometry":{"type":"Polygon","coordinates":[[[-75.04592,40.03964],[-75.04086,40.03676],[-75.03134,40.04024],[-75.03192,40.0412],[-75.03439,40.04438],[-75.0432,40.04032],[-75.04592,40.03964]]]}},{"type":"Feature","properties":{"GEOID":"42101033102","tract":"Tract 331.02","median_rent":1087.0,"households":1592.0,"renter_households":778.0,"renter_share":0.489},"geometry":{"type":"Polygon","coordinates":[[[-75.03154,40.04568],[-75.03439,40.04438],[-75.03192,40.0412],[-75.03134,40.04024],[-75.02388,40.04295],[-75.02185,40.04368],[-75.02175,40.04367],[-75.02156,40.0444],[-75.02133,40.04489],[-75.02061,40.04569],[-75.02049,40.04639],[-75.02134,40.04829],[-75.02301,40.0492],[-75.02428,40.0489],[-75.02432,40.04898],[-75.02604,40.04816],[-75.02622,40.04827],[-75.02889,40.04865],[-75.02967,40.04863],[-75.03049,40.04841],[-75.03128,40.04795],[-75.03163,40.04785],[-75.03185,40.04662],[-75.03178,40.04614],[-75.03154,40.04568]]]}},{"type":"Feature","properties":{"GEOID":"42101031501","tract":"Tract 315.01","median_rent":1648.0,"households":2378.0,"renter_households":1066.0,"renter_share":0.448},"geometry":{"type":"Polygon","coordinates":[[[-75.05197,40.03567],[-75.0537,40.03384],[-75.05363,40.0338],[-75.05097,40.03232],[-75.04857,40.03298],[-75.04666,40.03373],[-75.04086,40.03676],[-75.04903,40.04141],[-75.05358,40.03657],[-75.05197,40.03567]]]}},{"type":"Feature","properties":{"GEOID":"42101033701","tract":"Tract 337.01","median_rent":1153.0,"households":2462.0,"renter_households":1703.0,"renter_share":0.692},"geometry":{"type":"Polygon","coordinates":[[[-75.05232,40.06848],[-75.05548,40.06515],[-75.05186,40.06319],[-75.0463,40.06004],[-75.04499,40.05937],[-75.04451,40.05936],[-75.04206,40.06472],[-75.0432,40.06501],[-75.04467,40.06484],[-75.04659,40.06589],[-75.04796,40.06682],[-75.04735,40.06724],[-75.04711,40.06804],[-75.04776,40.06939],[-75.04796,40.06998],[-75.04738,40.07056],[-75.04588,40.06965],[-75.0451,40.06962],[-75.04395,40.07252],[-75.04415,40.07304],[-75.04579,40.07533],[-75.04608,40.07502],[-75.04691,40.07601],[-75.04747,40.07642],[-75.05172,40.07224],[-75.05046,40.07151],[-75.05188,40.06999],[-75.05202,40.06967],[-75.05212,40.06897],[-75.05232,40.06848]]]}},{"type":"Feature","properties":{"GEOID":"42101033702","tract":"Tract 337.02","median_rent":1168.0,"households":1816.0,"renter_households":654.0,"renter_share":0.36},"geometry":{"type":"Polygon","coordinates":[[[-75.06886,40.07184],[-75.07041,40.07022],[-75.06736,40.06873],[-75.06304,40.06614],[-75.06112,40.06812],[-75.05922,40.0673],[-75.05548,40.06515],[-75.05232,40.06848],[-75.05212,40.06897],[-75.05202,40.06967],[-75.05188,40.06999],[-75.05046,40.07151],[-75.05172,40.07224],[-75.04747,40.07642],[-75.04691,40.07601],[-75.04608,40.07502],[-75.04579,40.07533],[-75.04707,40.07663],[-75.04826,40.07703],[-75.04935,40.07704],[-75.05567,40.07385],[-75.05586,40.07325],[-75.05617,40.07353],[-75.0585,40.0748],[-75.0626,40.072],[-75.06572,40.07019],[-75.06877,40.07171],[-75.06886,40.07184]]]}},{"type":"Feature","properties":{"GEOID":"42101020102","tract":"Tract 201.02","median_rent":1250.0,"households":1502.0,"renter_households":673.0,"renter_share":0.448},"geometry":{"type":"Polygon","coordinates":[[[-75.15671,40.01412],[-75.15811,40.00774],[-75.15654,40.00753],[-75.15638,40.00828],[-75.1516,40.00766],[-75.15107,40.01004],[-75.15238,40.01311],[-75.15385,40.01589],[-75.15665,40.01462],[-75.15671,40.01412]]]}},{"type":"Feature","properties":{"GEOID":"42101031101","tract":"Tract 311.01","median_rent":1291.0,"households":1729.0,"renter_households":999.0,"renter_share":0.578},"geometry":{"type":"Polygon","coordinates":[[[-75.07919,40.04613],[-75.08267,40.04242],[-75.0809,40.04143],[-75.08211,40.04015],[-75.07862,40.0382],[-75.07384,40.04317],[-75.07919,40.04613]]]}},{"type":"Feature","properties":{"GEOID":"42101031102","tract":"Tract 311.02","median_rent":1287.0,"households":1404.0,"renter_households":602.0,"renter_share":0.429},"geometry":{"type":"Polygon","coordinates":[[[-75.08785,40.03611],[-75.08716,40.03479],[-75.08531,40.03352],[-75.08491,40.03292],[-75.08483,40.03235],[-75.08427,40.03217],[-75.08337,40.03324],[-75.07862,40.0382],[-75.08211,40.04015],[-75.0809,40.04143],[-75.08267,40.04242],[-75.08441,40.0395],[-75.08758,40.03626],[-75.08785,40.03611]]]}},{"type":"Feature","properties":{"GEOID":"42101010000","tract":"Tract 100","median_rent":1250.0,"households":1912.0,"renter_households":733.0,"renter_share":0.383},"geometry":{"type":"Polygon","coordinates":[[[-75.2552,39.97426],[-75.25475,39.97153],[-75.25512,39.97004],[-75.25048,39.96946],[-75.25112,39.9664],[-75.24717,39.96593],[-75.24653,39.96897],[-75.24752,39.96909],[-75.2469,39.97203],[-75.24749,39.97511],[-75.2552,39.97426]]]}},{"type":"Feature","properties":{"GEOID":"42101010100","tract":"Tract 101","median_rent":963.0,"households":2629.0,"renter_households":1418.0,"renter_share":0.539},"geometry":{"type":"Polygon","coordinates":[[[-75.2469,39.97203],[-75.24752,39.96909],[-75.23948,39.9681],[-75.23913,39.96995],[-75.23746,39.97014],[-75.23857,39.9761],[-75.24749,39.97511],[-75.2469,39.97203]]]}},{"type":"Feature","properties":{"GEOID":"42101010200","tract":"Tract 102","median_rent":1117.0,"households":1578.0,"renter_households":984.0,"renter_share":0.624},"geometry":{"type":"Polygon","coordinates":[[[-75.23535,39.96845],[-75.23584,39.96609],[-75.22768,39.96507],[-75.22873,39.97111],[-75.2357,39.97034],[-75.23535,39.96845]]]}},{"type":"Feature","properties":{"GEOID":"42101010300","tract":"Tract 103","median_rent":1106.0,"households":1002.0,"renter_households":502.0,"renter_share":0.501},"geometry":{"type":"Polygon","coordinates":[[[-75.22873,39.97111],[-75.22786,39.96619],[-75.22459,39.9649],[-75.22411,39.96474],[-75.22195,39.96425],[-75.22312,39.96975],[-75.22537,39.96952],[-75.22584,39.97143],[-75.22873,39.97111]]]}},{"type":"Feature","properties":{"GEOID":"42101010400","tract":"Tract 104","median_rent":1109.0,"households":1635.0,"renter_households":1161.0,"renter_share":0.71},"geometry":{"type":"Polygon","coordinates":[[[-75.22312,39.96975],[-75.22195,39.96425],[-75.22004,39.96382],[-75.21977,39.96301],[-75.21918,39.95929],[-75.217,39.95901],[-75.21618,39.96255],[-75.21717,39.97035],[-75.22312,39.96975]]]}},{"type":"Feature","properties":{"GEOID":"42101010500","tract":"Tract 105","median_rent":798.0,"households":1551.0,"renter_households":1109.0,"renter_share":0.715},"geometry":{"type":"Polygon","coordinates":[[[-75.21777,39.97263],[-75.21744,39.97243],[-75.21618,39.96255],[-75.217,39.95901],[-75.21402,39.95864],[-75.21306,39.96258],[-75.21193,39.96266],[-75.21056,39.96257],[-75.21133,39.96873],[-75.21215,39.97301],[-75.21221,39.97324],[-75.21777,39.97263]]]}},{"type":"Feature","properties":{"GEOID":"42101009200","tract":"Tract 92","median_rent":1258.0,"households":1423.0,"renter_households":962.0,"renter_share":0.676},"geometry":{"type":"Polygon","coordinates":[[[-75.21306,39.96258],[-75.21402,39.95864],[-75.20195,39.95715],[-75.20182,39.95783],[-75.20236,39.96286],[-75.20898,39.96231],[-75.21049,39.96257],[-75.21193,39.96266],[-75.21306,39.96258]]]}},{"type":"Feature","properties":{"GEOID":"42101009300","tract":"Tract 93","median_rent":1089.0,"households":2139.0,"renter_households":913.0,"renter_share":0.427},"geometry":{"type":"Polygon","coordinates":[[[-75.22768,39.96507],[-75.22865,39.96046],[-75.21918,39.95929],[-75.21977,39.96301],[-75.22004,39.96382],[-75.22411,39.96474],[-75.22545,39.96521],[-75.22623,39.96557],[-75.22786,39.96619],[-75.22768,39.96507]]]}},{"type":"Feature","properties":{"GEOID":"42101009400","tract":"Tract 94","median_rent":847.0,"households":1801.0,"renter_households":1272.0,"renter_share":0.706},"geometry":{"type":"Polygon","coordinates":[[[-75.23584,39.96609],[-75.23681,39.96147],[-75.22865,39.96046],[-75.22768,39.96507],[-75.23584,39.96609]]]}},{"type":"Feature","properties":{"GEOID":"42101009500","tract":"Tract 95","median_rent":1156.0,"households":1514.0,"renter_households":872.0,"renter_share":0.576},"geometry":{"type":"Polygon","coordinates":[[[-75.23913,39.96995],[-75.24076,39.96196],[-75.23681,39.96147],[-75.23535,39.96845],[-75.2357,39.97034],[-75.23913,39.96995]]]}},{"type":"Feature","properties":{"GEOID":"42101009600","tract":"Tract 96","median_rent":1304.0,"households":1474.0,"renter_households":824.0,"renter_share":0.559},"geometry":{"type":"Polygon","coordinates":[[[-75.24653,39.96897],[-75.24745,39.96439],[-75.24731,39.96431],[-75.24686,39.96433],[-75.24642,39.96428],[-75.24675,39.96271],[-75.24076,39.96196],[-75.23948,39.9681],[-75.24653,39.96897]]]}},{"type":"Feature","properties":{"GEOID":"42101008602","tract":"Tract 86.02","median_rent":1265.0,"households":1530.0,"renter_households":1231.0,"renter_share":0.805},"geometry":{"type":"Polygon","coordinates":[[[-75.22092,39.9595],[-75.2218,39.95532],[-75.21488,39.95446],[-75.21464,39.95561],[-75.21168,39.95524],[-75.21104,39.95828],[-75.22092,39.9595]]]}},{"type":"Feature","properties":{"GEOID":"42101009802","tract":"Tract 98.02","median_rent":1527.0,"households":2162.0,"renter_households":527.0,"renter_share":0.244},"geometry":{"type":"Polygon","coordinates":[[[-75.27131,39.97928],[-75.27587,39.97725],[-75.27289,39.97353],[-75.27164,39.97208],[-75.26931,39.97301],[-75.26904,39.97274],[-75.26857,39.97251],[-75.26857,39.97239],[-75.26758,39.97166],[-75.26769,39.97131],[-75.26562,39.96994],[-75.26387,39.97124],[-75.2619,39.97258],[-75.25994,39.97427],[-75.25993,39.97445],[-75.25981,39.9744],[-75.25981,39.97487],[-75.25993,39.97515],[-75.26011,39.97539],[-75.26065,39.9757],[-75.26074,39.97689],[-75.26087,39.97718],[-75.262,39.9776],[-75.26224,39.97726],[-75.26199,39.97706],[-75.26199,39.97682],[-75.26305,39.97575],[-75.26281,39.97561],[-75.26426,39.97442],[-75.26556,39.97564],[-75.26759,39.97466],[-75.27131,39.97928]]]}},{"type":"Feature","properties":{"GEOID":"42101037500","tract":"Tract 375","median_rent":2001.0,"households":1434.0,"renter_households":591.0,"renter_share":0.412},"geometry":{"type":"Polygon","coordinates":[[[-75.26369,39.98266],[-75.26557,39.98183],[-75.26416,39.98012],[-75.26323,39.97957],[-75.26333,39.97952],[-75.26128,39.97827],[-75.25947,39.97978],[-75.25977,39.98056],[-75.25976,39.98081],[-75.25906,39.98281],[-75.25711,39.98379],[-75.2558,39.98225],[-75.25639,39.98176],[-75.2566,39.98141],[-75.25601,39.97809],[-75.25502,39.97847],[-75.25447,39.9787],[-75.25393,39.97907],[-75.2535,39.97953],[-75.25286,39.98049],[-75.25221,39.98101],[-75.24835,39.98297],[-75.24867,39.98468],[-75.24899,39.98511],[-75.24819,39.98547],[-75.24783,39.98552],[-75.24548,39.98662],[-75.24642,39.98827],[-75.24619,39.98952],[-75.24664,39.98968],[-75.24701,39.98993],[-75.24795,39.99114],[-75.25612,39.9873],[-75.25854,39.98553],[-75.25948,39.98495],[-75.26369,39.98266]]]}},{"type":"Feature","properties":{"GEOID":"42101018001","tract":"Tract 180.01","median_rent":1015.0,"households":1089.0,"renter_households":327.0,"renter_share":0.3},"geometry":{"type":"Polygon","coordinates":[[[-75.1156,39.98355],[-75.11735,39.98148],[-75.11323,39.9768],[-75.10897,39.97902],[-75.11052,39.98079],[-75.10883,39.98167],[-75.10946,39.98254],[-75.11122,39.98527],[-75.11525,39.98316],[-75.1156,39.98355]]]}},{"type":"Feature","properties":{"GEOID":"42101036501","tract":"Tract 365.01","median_rent":1308.0,"households":2130.0,"renter_households":759.0,"renter_share":0.356},"geometry":{"type":"Polygon","coordinates":[[[-75.02057,40.13227],[-75.02489,40.12922],[-75.01045,40.12068],[-75.00693,40.12429],[-75.00617,40.12492],[-75.00527,40.12605],[-75.0052,40.12656],[-75.0054,40.12724],[-75.00527,40.12793],[-75.00509,40.1282],[-75.00339,40.13],[-75.00324,40.13092],[-75.00325,40.13101],[-75.00853,40.13399],[-75.01507,40.13799],[-75.01632,40.13653],[-75.02057,40.13227]]]}},{"type":"Feature","properties":{"GEOID":"42101000801","tract":"Tract 8.01","median_rent":1942.0,"households":990.0,"renter_households":645.0,"renter_share":0.652},"geometry":{"type":"Polygon","coordinates":[[[-75.18329,39.94951],[-75.18258,39.94928],[-75.18113,39.94901],[-75.17784,39.94861],[-75.17732,39.95096],[-75.18166,39.95151],[-75.18329,39.94951]]]}},{"type":"Feature","properties":{"GEOID":"42101001600","tract":"Tract 16","median_rent":2012.0,"households":1303.0,"renter_households":644.0,"renter_share":0.494},"geometry":{"type":"Polygon","coordinates":[[[-75.15233,39.94201],[-75.15277,39.94004],[-75.15156,39.93983],[-75.15177,39.93955],[-75.14625,39.93857],[-75.14623,39.93863],[-75.14465,39.93837],[-75.14406,39.94097],[-75.15233,39.94201]]]}},{"type":"Feature","properties":{"GEOID":"42101001700","tract":"Tract 17","median_rent":1788.0,"households":1422.0,"renter_households":529.0,"renter_share":0.372},"geometry":{"type":"Polygon","coordinates":[[[-75.15277,39.94004],[-75.15329,39.93774],[-75.14489,39.93547],[-75.14411,39.93784],[-75.14388,39.93878],[-75.14453,39.93887],[-75.14465,39.93837],[-75.14623,39.93863],[-75.14625,39.93857],[-75.15177,39.93955],[-75.15156,39.93983],[-75.15277,39.94004]]]}},{"type":"Feature","properties":{"GEOID":"42101007300","tract":"Tract 73","median_rent":1326.0,"households":1415.0,"renter_households":666.0,"renter_share":0.471},"geometry":{"type":"Polygon","coordinates":[[[-75.22945,39.94778],[-75.22959,39.94744],[-75.2282,39.94627],[-75.22869,39.94591],[-75.2283,39.9457],[-75.22757,39.94566],[-75.22731,39.94551],[-75.22155,39.94065],[-75.21714,39.94374],[-75.21914,39.94419],[-75.219,39.94428],[-75.22332,39.94792],[-75.22495,39.94774],[-75.22945,39.94778]]]}},{"type":"Feature","properties":{"GEOID":"42101007400","tract":"Tract 74","median_rent":1178.0,"households":1815.0,"renter_households":998.0,"renter_share":0.55},"geometry":{"type":"Polygon","coordinates":[[[-75.21714,39.94374],[-75.22155,39.94065],[-75.21568,39.93569],[-75.20942,39.94006],[-75.20784,39.94129],[-75.20836,39.94128],[-75.2088,39.94164],[-75.20765,39.94247],[-75.2078,39.94277],[-75.2114,39.9458],[-75.215,39.94326],[-75.21714,39.94374]]]}},{"type":"Feature","properties":{"GEOID":"42101036203","tract":"Tract 362.03","median_rent":979.0,"households":1814.0,"renter_households":203.0,"renter_share":0.112},"geometry":{"type":"Polygon","coordinates":[[[-74.98242,40.06542],[-74.98236,40.06467],[-74.98102,40.06494],[-74.98099,40.06551],[-74.98084,40.0661],[-74.97999,40.06657],[-74.97984,40.06672],[-74.97978,40.06691],[-74.97941,40.0672],[-74.97909,40.06737],[-74.97816,40.06764],[-74.97721,40.06817],[-74.9767,40.06914],[-74.97629,40.06933],[-74.97599,40.0696],[-74.9751,40.07003],[-74.9751,40.0704],[-74.9749,40.07076],[-74.97374,40.07124],[-74.97363,40.07135],[-74.9736,40.07152],[-74.97347,40.07169],[-74.97294,40.07192],[-74.97244,40.07224],[-74.97235,40.07241],[-74.97221,40.07314],[-74.97194,40.07332],[-74.97163,40.07337],[-74.97106,40.07373],[-74.97106,40.07397],[-74.97141,40.07426],[-74.97148,40.07443],[-74.97128,40.07483],[-74.97136,40.07554],[-74.9713,40.07584],[-74.97084,40.07621],[-74.97069,40.07625],[-74.97025,40.07622],[-74.96975,40.07647],[-74.96876,40.0763],[-74.96706,40.07638],[-74.96688,40.07644],[-74.96653,40.07708],[-74.96622,40.07726],[-74.96592,40.07728],[-74.96484,40.07715],[-74.96583,40.08037],[-74.96608,40.08103],[-74.96647,40.08174],[-74.96755,40.08308],[-74.96989,40.08571],[-74.97057,40.08638],[-74.97161,40.08724],[-74.97195,40.08689],[-74.97582,40.08189],[-74.97725,40.08051],[-74.97768,40.07983],[-74.97883,40.07689],[-74.98126,40.07178],[-74.98135,40.07149],[-74.98165,40.06881],[-74.98183,40.06797],[-74.9823,40.06642],[-74.98242,40.06542]]]}},{"type":"Feature","properties":{"GEOID":"42101001800","tract":"Tract 18","median_rent":1834.0,"households":1700.0,"renter_households":951.0,"renter_share":0.559},"geometry":{"type":"Polygon","coordinates":[[[-75.16636,39.94003],[-75.15785,39.93898],[-75.15329,39.93774],[-75.15277,39.94004],[-75.15589,39.94056],[-75.16599,39.94182],[-75.16636,39.94003]]]}},{"type":"Feature","properties":{"GEOID":"42101001900","tract":"Tract 19","median_rent":2091.0,"households":1775.0,"renter_households":822.0,"renter_share":0.463},"geometry":{"type":"Polygon","coordinates":[[[-75.1776,39.94223],[-75.17825,39.93927],[-75.16682,39.93787],[-75.1662,39.94081],[-75.1776,39.94223]]]}},{"type":"Feature","properties":{"GEOID":"42101002100","tract":"Tract 21","median_rent":1833.0,"households":1033.0,"renter_households":384.0,"renter_share":0.372},"geometry":{"type":"Polygon","coordinates":[[[-75.17984,39.93948],[-75.18062,39.93582],[-75.17397,39.93497],[-75.17317,39.93864],[-75.17984,39.93948]]]}},{"type":"Feature","properties":{"GEOID":"42101009801","tract":"Tract 98.01","median_rent":1397.0,"households":1045.0,"renter_households":421.0,"renter_share":0.403},"geometry":{"type":"Polygon","coordinates":[[[-75.27131,39.97928],[-75.26759,39.97466],[-75.26556,39.97564],[-75.26426,39.97442],[-75.26281,39.97561],[-75.26305,39.97575],[-75.26199,39.97682],[-75.26199,39.97706],[-75.26224,39.97726],[-75.262,39.9776],[-75.26592,39.97925],[-75.26716,39.97999],[-75.26765,39.98039],[-75.26797,39.98076],[-75.27131,39.97928]]]}},{"type":"Feature","properties":{"GEOID":"42101002200","tract":"Tract 22","median_rent":1685.0,"households":1182.0,"renter_households":621.0,"renter_share":0.525},"geometry":{"type":"Polygon","coordinates":[[[-75.17317,39.93864],[-75.17397,39.93497],[-75.16764,39.93415],[-75.16682,39.93787],[-75.17317,39.93864]]]}},{"type":"Feature","properties":{"GEOID":"42101002400","tract":"Tract 24","median_rent":1675.0,"households":2583.0,"renter_households":1175.0,"renter_share":0.455},"geometry":{"type":"Polygon","coordinates":[[[-75.16708,39.93674],[-75.1602,39.9356],[-75.15735,39.9349],[-75.15952,39.9331],[-75.15445,39.93242],[-75.15329,39.93774],[-75.15785,39.93898],[-75.16636,39.94003],[-75.16708,39.93674]]]}},{"type":"Feature","properties":{"GEOID":"42101001203","tract":"Tract 12.03","median_rent":1840.0,"households":1189.0,"renter_households":871.0,"renter_share":0.733},"geometry":{"type":"Polygon","coordinates":[[[-75.17432,39.94818],[-75.17505,39.94483],[-75.17191,39.94444],[-75.17118,39.94778],[-75.17432,39.94818]]]}},{"type":"Feature","properties":{"GEOID":"42101001302","tract":"Tract 13.02","median_rent":2110.0,"households":1980.0,"renter_households":918.0,"renter_share":0.464},"geometry":{"type":"Polygon","coordinates":[[[-75.19371,39.94227],[-75.19387,39.9421],[-75.19293,39.94165],[-75.19234,39.94145],[-75.18901,39.93942],[-75.18744,39.94036],[-75.18663,39.94099],[-75.18447,39.94227],[-75.17776,39.94146],[-75.17699,39.94508],[-75.18568,39.94616],[-75.18591,39.94622],[-75.18723,39.94718],[-75.18872,39.94611],[-75.1915,39.94315],[-75.19371,39.94227]]]}},{"type":"Feature","properties":{"GEOID":"42101013701","tract":"Tract 137.01","median_rent":1818.0,"households":1078.0,"renter_households":633.0,"renter_share":0.587},"geometry":{"type":"Polygon","coordinates":[[[-75.18988,39.97793],[-75.18967,39.97717],[-75.18854,39.97691],[-75.18801,39.97658],[-75.18782,39.97636],[-75.18637,39.97354],[-75.18539,39.97342],[-75.18384,39.98059],[-75.18866,39.98121],[-75.18923,39.9788],[-75.18966,39.97837],[-75.18988,39.97793]]]}},{"type":"Feature","properties":{"GEOID":"42101001301","tract":"Tract 13.01","median_rent":1980.0,"households":783.0,"renter_households":285.0,"renter_share":0.364},"geometry":{"type":"Polygon","coordinates":[[[-75.18685,39.94082],[-75.18744,39.94036],[-75.18314,39.9399],[-75.17825,39.93927],[-75.17776,39.94146],[-75.18447,39.94227],[-75.18685,39.94082]]]}},{"type":"Feature","properties":{"GEOID":"42101000702","tract":"Tract 7.02","median_rent":2168.0,"households":1446.0,"renter_households":1103.0,"renter_share":0.763},"geometry":{"type":"Polygon","coordinates":[[[-75.18166,39.95151],[-75.17381,39.95053],[-75.17349,39.95205],[-75.18091,39.95298],[-75.18166,39.95151]]]}},{"type":"Feature","properties":{"GEOID":"42101038301","tract":"Tract 383.01","median_rent":1110.0,"households":743.0,"renter_households":338.0,"renter_share":0.455},"geometry":{"type":"Polygon","coordinates":[[[-75.13419,40.01962],[-75.13767,40.00364],[-75.1353,40.00456],[-75.13435,40.00486],[-75.13302,40.0051],[-75.13194,40.00516],[-75.12995,40.01422],[-75.12951,40.0158],[-75.12958,40.01596],[-75.12888,40.01894],[-75.13419,40.01962]]]}},{"type":"Feature","properties":{"GEOID":"42101014400","tract":"Tract 144","median_rent":2053.0,"households":2847.0,"renter_households":1668.0,"renter_share":0.586},"geometry":{"type":"Polygon","coordinates":[[[-75.14556,39.97564],[-75.14654,39.97038],[-75.13958,39.96952],[-75.13514,39.96869],[-75.13443,39.96879],[-75.1344,39.9723],[-75.13337,39.97409],[-75.14556,39.97564]]]}},{"type":"Feature","properties":{"GEOID":"42101036600","tract":"Tract 366","median_rent":2432.0,"households":1228.0,"renter_households":667.0,"renter_share":0.543},"geometry":{"type":"Polygon","coordinates":[[[-75.1457,39.93344],[-75.14698,39.92766],[-75.1421,39.92702],[-75.14182,39.92741],[-75.14166,39.92748],[-75.14089,39.92723],[-75.14058,39.92644],[-75.14026,39.92635],[-75.13401,39.92582],[-75.13518,39.9287],[-75.13591,39.93245],[-75.13595,39.9338],[-75.1357,39.94079],[-75.13576,39.94196],[-75.13623,39.94493],[-75.13632,39.94584],[-75.13629,39.94659],[-75.13604,39.94827],[-75.13576,39.94945],[-75.13488,39.95208],[-75.1337,39.95462],[-75.13335,39.95511],[-75.13154,39.95828],[-75.13088,39.95914],[-75.13174,39.95984],[-75.13439,39.9599],[-75.13435,39.96],[-75.13477,39.96011],[-75.1347,39.96029],[-75.13477,39.96033],[-75.1354,39.96047],[-75.13534,39.96057],[-75.13664,39.96088],[-75.13656,39.96108],[-75.13515,39.96076],[-75.1347,39.96047],[-75.13455,39.9606],[-75.13522,39.96107],[-75.13559,39.96118],[-75.13606,39.96149],[-75.13623,39.9616],[-75.13617,39.96165],[-75.13652,39.96173],[-75.13624,39.96242],[-75.13676,39.96277],[-75.13808,39.96294],[-75.13995,39.95693],[-75.14141,39.95712],[-75.14162,39.95529],[-75.14147,39.9517],[-75.14194,39.94868],[-75.14205,39.94812],[-75.14247,39.94817],[-75.14453,39.93887],[-75.14388,39.93878],[-75.14411,39.93784],[-75.14486,39.93558],[-75.14539,39.93338],[-75.1457,39.93344]]]}},{"type":"Feature","properties":{"GEOID":"42101002802","tract":"Tract 28.02","median_rent":1485.0,"households":2432.0,"renter_households":839.0,"renter_share":0.345},"geometry":{"type":"Polygon","coordinates":[[[-75.16501,39.92855],[-75.16735,39.92658],[-75.1592,39.92551],[-75.15758,39.93284],[-75.15952,39.9331],[-75.16472,39.9288],[-75.16488,39.92874],[-75.16501,39.92855]]]}},{"type":"Feature","properties":{"GEOID":"42101002701","tract":"Tract 27.01","median_rent":1450.0,"households":1961.0,"renter_households":824.0,"renter_share":0.42},"geometry":{"type":"Polygon","coordinates":[[[-75.15445,39.93242],[-75.15609,39.9251],[-75.15294,39.92468],[-75.15131,39.93201],[-75.15445,39.93242]]]}},{"type":"Feature","properties":{"GEOID":"42101003001","tract":"Tract 30.01","median_rent":1298.0,"households":1692.0,"renter_households":679.0,"renter_share":0.401},"geometry":{"type":"Polygon","coordinates":[[[-75.17476,39.93131],[-75.17556,39.92764],[-75.16923,39.92681],[-75.16842,39.93046],[-75.17476,39.93131]]]}},{"type":"Feature","properties":{"GEOID":"42101019800","tract":"Tract 198","median_rent":978.0,"households":2113.0,"renter_households":660.0,"renter_share":0.312},"geometry":{"type":"Polygon","coordinates":[[[-75.14733,40.01038],[-75.1476,40.00878],[-75.13686,40.00739],[-75.13586,40.01198],[-75.14125,40.01269],[-75.14135,40.01278],[-75.14647,40.01486],[-75.14721,40.01497],[-75.14733,40.01038]]]}},{"type":"Feature","properties":{"GEOID":"42101019900","tract":"Tract 199","median_rent":994.0,"households":1919.0,"renter_households":1163.0,"renter_share":0.606},"geometry":{"type":"Polygon","coordinates":[[[-75.14884,40.00295],[-75.14882,40.0027],[-75.14853,40.00192],[-75.14772,39.99997],[-75.14396,40.0014],[-75.13806,40.0035],[-75.13767,40.00364],[-75.13686,40.00739],[-75.1476,40.00878],[-75.14792,40.00719],[-75.14864,40.0042],[-75.14884,40.00295]]]}},{"type":"Feature","properties":{"GEOID":"42101020000","tract":"Tract 200","median_rent":873.0,"households":514.0,"renter_households":358.0,"renter_share":0.696},"geometry":{"type":"Polygon","coordinates":[[[-75.15107,40.01004],[-75.15378,39.99772],[-75.14772,39.99997],[-75.14882,40.0027],[-75.15107,40.01004]]]}},{"type":"Feature","properties":{"GEOID":"42101019700","tract":"Tract 197","median_rent":1182.0,"households":2170.0,"renter_households":927.0,"renter_share":0.427},"geometry":{"type":"Polygon","coordinates":[[[-75.14011,40.02039],[-75.14174,40.01294],[-75.14125,40.01269],[-75.13586,40.01198],[-75.13419,40.01962],[-75.13543,40.01978],[-75.13527,40.02054],[-75.13656,40.02073],[-75.13674,40.01996],[-75.14011,40.02039]]]}},{"type":"Feature","properties":{"GEOID":"42101035602","tract":"Tract 356.02","median_rent":1575.0,"households":1251.0,"renter_households":149.0,"renter_share":0.119},"geometry":{"type":"Polygon","coordinates":[[[-75.05432,40.10869],[-75.05319,40.10641],[-75.05237,40.10523],[-75.05161,40.10393],[-75.05071,40.10281],[-75.04942,40.1018],[-75.04711,40.09838],[-75.033,40.10511],[-75.03522,40.1065],[-75.03564,40.10667],[-75.03606,40.10678],[-75.03778,40.10687],[-75.03884,40.10711],[-75.03946,40.10736],[-75.04781,40.11224],[-75.04854,40.11273],[-75.05432,40.10869]]]}},{"type":"Feature","properties":{"GEOID":"42101015101","tract":"Tract 151.01","median_rent":1224.0,"households":971.0,"renter_households":555.0,"renter_share":0.572},"geometry":{"type":"Polygon","coordinates":[[[-75.18671,39.99021],[-75.18803,39.98413],[-75.18479,39.98371],[-75.18346,39.9898],[-75.18671,39.99021]]]}},{"type":"Feature","properties":{"GEOID":"42101015102","tract":"Tract 151.02","median_rent":644.0,"households":1832.0,"renter_households":1276.0,"renter_share":0.697},"geometry":{"type":"Polygon","coordinates":[[[-75.18346,39.9898],[-75.18479,39.98371],[-75.17534,39.98252],[-75.17404,39.98851],[-75.17467,39.98843],[-75.1758,39.98881],[-75.18346,39.9898]]]}},{"type":"Feature","properties":{"GEOID":"42101002500","tract":"Tract 25","median_rent":1181.0,"households":2063.0,"renter_households":908.0,"renter_share":0.44},"geometry":{"type":"Polygon","coordinates":[[[-75.15329,39.93774],[-75.15445,39.93242],[-75.14617,39.93132],[-75.1457,39.93344],[-75.14539,39.93338],[-75.14489,39.93547],[-75.15329,39.93774]]]}},{"type":"Feature","properties":{"GEOID":"42101002900","tract":"Tract 29","median_rent":1407.0,"households":2175.0,"renter_households":886.0,"renter_share":0.407},"geometry":{"type":"Polygon","coordinates":[[[-75.16764,39.93415],[-75.1695,39.92553],[-75.16827,39.9258],[-75.16815,39.92587],[-75.16693,39.92697],[-75.16501,39.92855],[-75.16488,39.92874],[-75.16472,39.9288],[-75.15952,39.9331],[-75.16764,39.93415]]]}},{"type":"Feature","properties":{"GEOID":"42101007800","tract":"Tract 78","median_rent":1236.0,"households":2207.0,"renter_households":1755.0,"renter_share":0.795},"geometry":{"type":"Polygon","coordinates":[[[-75.22332,39.94792],[-75.219,39.94428],[-75.21914,39.94419],[-75.215,39.94326],[-75.2101,39.9467],[-75.21292,39.94906],[-75.22332,39.94792]]]}},{"type":"Feature","properties":{"GEOID":"42101007900","tract":"Tract 79","median_rent":1238.0,"households":2051.0,"renter_households":1098.0,"renter_share":0.535},"geometry":{"type":"Polygon","coordinates":[[[-75.22228,39.95304],[-75.22332,39.94792],[-75.22264,39.94799],[-75.21292,39.94906],[-75.21239,39.95181],[-75.22228,39.95304]]]}},{"type":"Feature","properties":{"GEOID":"42101008000","tract":"Tract 80","median_rent":1227.0,"households":1817.0,"renter_households":941.0,"renter_share":0.518},"geometry":{"type":"Polygon","coordinates":[[[-75.23,39.954],[-75.23129,39.94782],[-75.22524,39.94774],[-75.22332,39.94792],[-75.22228,39.95304],[-75.23,39.954]]]}},{"type":"Feature","properties":{"GEOID":"42101008200","tract":"Tract 82","median_rent":1282.0,"households":3128.0,"renter_households":837.0,"renter_share":0.268},"geometry":{"type":"Polygon","coordinates":[[[-75.25165,39.95185],[-75.25158,39.95128],[-75.25126,39.95097],[-75.25112,39.9507],[-75.25116,39.95029],[-75.25151,39.94946],[-75.25144,39.94914],[-75.25066,39.94844],[-75.25072,39.94838],[-75.25042,39.94809],[-75.25012,39.94697],[-75.24992,39.94663],[-75.24943,39.94631],[-75.24842,39.94545],[-75.24824,39.94523],[-75.24818,39.94501],[-75.24742,39.94429],[-75.24703,39.94341],[-75.24005,39.94592],[-75.2388,39.95194],[-75.2476,39.95302],[-75.25082,39.95347],[-75.25115,39.95316],[-75.25121,39.95303],[-75.25115,39.95275],[-75.25158,39.95213],[-75.25165,39.95185]]]}},{"type":"Feature","properties":{"GEOID":"42101008301","tract":"Tract 83.01","median_rent":723.0,"households":1651.0,"renter_households":906.0,"renter_share":0.549},"geometry":{"type":"Polygon","coordinates":[[[-75.25088,39.95902],[-75.25087,39.95873],[-75.25067,39.95833],[-75.24953,39.95721],[-75.24901,39.95691],[-75.24893,39.95663],[-75.24899,39.95643],[-75.24927,39.95612],[-75.24913,39.95576],[-75.24916,39.95551],[-75.24923,39.95543],[-75.24949,39.95535],[-75.2496,39.95524],[-75.24975,39.95483],[-75.24977,39.95457],[-75.25005,39.95415],[-75.25082,39.95347],[-75.24472,39.95268],[-75.24274,39.9622],[-75.24769,39.96282],[-75.24778,39.9623],[-75.24771,39.96198],[-75.24781,39.96176],[-75.24789,39.96118],[-75.24846,39.96033],[-75.24912,39.95999],[-75.24955,39.95968],[-75.25061,39.95924],[-75.25088,39.95902]]]}},{"type":"Feature","properties":{"GEOID":"42101036202","tract":"Tract 362.02","median_rent":1290.0,"households":2333.0,"renter_households":467.0,"renter_share":0.2},"geometry":{"type":"Polygon","coordinates":[[[-74.98314,40.07603],[-74.98463,40.07434],[-74.98317,40.07347],[-74.98117,40.07199],[-74.97883,40.07689],[-74.97768,40.07983],[-74.97744,40.08024],[-74.97725,40.08051],[-74.97582,40.08189],[-74.97195,40.08689],[-74.97161,40.08724],[-74.97719,40.09134],[-74.98002,40.09371],[-74.98239,40.09172],[-74.98418,40.08991],[-74.98197,40.08816],[-74.98149,40.08799],[-74.9806,40.08791],[-74.98016,40.08626],[-74.9803,40.08574],[-74.98129,40.08414],[-74.98169,40.08311],[-74.98181,40.08197],[-74.9817,40.08033],[-74.98207,40.0786],[-74.98249,40.07725],[-74.98314,40.07603]]]}},{"type":"Feature","properties":{"GEOID":"42101027700","tract":"Tract 277","median_rent":null,"households":2448.0,"renter_households":901.0,"renter_share":0.368},"geometry":{"type":"Polygon","coordinates":[[[-75.15756,40.05503],[-75.15796,40.04903],[-75.15324,40.04884],[-75.14544,40.04783],[-75.14496,40.04868],[-75.14286,40.04749],[-75.14216,40.05056],[-75.14956,40.05151],[-75.14977,40.05137],[-75.15756,40.05503]]]}},{"type":"Feature","properties":{"GEOID":"42101027800","tract":"Tract 278","median_rent":803.0,"households":2263.0,"renter_households":1513.0,"renter_share":0.669},"geometry":{"type":"Polygon","coordinates":[[[-75.15144,40.04087],[-75.1515,40.04061],[-75.14943,40.03831],[-75.14917,40.03777],[-75.14913,40.03746],[-75.14918,40.03686],[-75.14946,40.03626],[-75.14986,40.03583],[-75.14555,40.03526],[-75.14444,40.04051],[-75.14286,40.04749],[-75.14496,40.04868],[-75.14544,40.04783],[-75.15082,40.04852],[-75.15105,40.04747],[-75.15103,40.04695],[-75.15083,40.04654],[-75.14965,40.04499],[-75.1496,40.0447],[-75.1501,40.04237],[-75.15034,40.04203],[-75.15102,40.04148],[-75.15144,40.04087]]]}},{"type":"Feature","properties":{"GEOID":"42101028000","tract":"Tract 280","median_rent":792.0,"households":1766.0,"renter_households":539.0,"renter_share":0.305},"geometry":{"type":"Polygon","coordinates":[[[-75.15903,40.03032],[-75.15955,40.02392],[-75.15903,40.0228],[-75.14857,40.02148],[-75.14824,40.02296],[-75.14842,40.02312],[-75.15078,40.02657],[-75.15328,40.02996],[-75.15294,40.03072],[-75.15237,40.03139],[-75.15369,40.03156],[-75.15444,40.03152],[-75.15812,40.03083],[-75.15903,40.03032]]]}},{"type":"Feature","properties":{"GEOID":"42101027600","tract":"Tract 276","median_rent":1089.0,"households":1897.0,"renter_households":896.0,"renter_share":0.472},"geometry":{"type":"Polygon","coordinates":[[[-75.14286,40.04749],[-75.14457,40.03984],[-75.13526,40.03864],[-75.1349,40.04018],[-75.13475,40.04184],[-75.13472,40.04613],[-75.13602,40.04623],[-75.13635,40.04655],[-75.13674,40.04669],[-75.14286,40.04749]]]}},{"type":"Feature","properties":{"GEOID":"42101028200","tract":"Tract 282","median_rent":1172.0,"households":2348.0,"renter_households":1240.0,"renter_share":0.528},"geometry":{"type":"Polygon","coordinates":[[[-75.14457,40.03984],[-75.14685,40.02948],[-75.14247,40.03177],[-75.1423,40.03168],[-75.13676,40.03096],[-75.13709,40.02941],[-75.13506,40.02915],[-75.13521,40.03047],[-75.13504,40.03233],[-75.13491,40.03604],[-75.13482,40.03699],[-75.13447,40.03851],[-75.14457,40.03984]]]}},{"type":"Feature","properties":{"GEOID":"42101028400","tract":"Tract 284","median_rent":1131.0,"households":1463.0,"renter_households":546.0,"renter_share":0.373},"geometry":{"type":"Polygon","coordinates":[[[-75.14159,40.02081],[-75.14126,40.02046],[-75.14085,40.02049],[-75.13674,40.01996],[-75.13656,40.02073],[-75.13582,40.02064],[-75.13566,40.02327],[-75.13572,40.0236],[-75.1351,40.02608],[-75.13526,40.02681],[-75.13533,40.02763],[-75.13514,40.02905],[-75.13506,40.02915],[-75.13709,40.02941],[-75.13676,40.03096],[-75.1393,40.03129],[-75.14159,40.02081]]]}},{"type":"Feature","properties":{"GEOID":"42101016901","tract":"Tract 169.01","median_rent":769.0,"households":1264.0,"renter_households":534.0,"renter_share":0.422},"geometry":{"type":"Polygon","coordinates":[[[-75.17858,39.99704],[-75.18026,39.98939],[-75.1758,39.98881],[-75.17376,39.98982],[-75.17318,39.99241],[-75.17159,39.9922],[-75.17077,39.99604],[-75.17858,39.99704]]]}},{"type":"Feature","properties":{"GEOID":"42101017000","tract":"Tract 170","median_rent":1366.0,"households":1563.0,"renter_households":1260.0,"renter_share":0.806},"geometry":{"type":"Polygon","coordinates":[[[-75.19281,40.00673],[-75.19247,40.00648],[-75.1921,40.00599],[-75.19132,40.00372],[-75.19175,39.99975],[-75.19081,39.9999],[-75.19052,39.99964],[-75.18958,39.99989],[-75.18881,40.0002],[-75.18845,40.00027],[-75.18734,40.00026],[-75.18695,40.00036],[-75.18591,40.00113],[-75.18462,40.00245],[-75.18413,40.00277],[-75.18114,40.0037],[-75.17809,40.00534],[-75.17401,40.00741],[-75.16974,40.00858],[-75.16914,40.00883],[-75.17567,40.01605],[-75.17732,40.01507],[-75.18233,40.01161],[-75.18298,40.01122],[-75.18496,40.01035],[-75.1896,40.00882],[-75.19051,40.00841],[-75.19154,40.00777],[-75.19281,40.00673]]]}},{"type":"Feature","properties":{"GEOID":"42101017100","tract":"Tract 171","median_rent":1367.0,"households":1652.0,"renter_households":707.0,"renter_share":0.428},"geometry":{"type":"Polygon","coordinates":[[[-75.18759,39.99856],[-75.1876,39.9982],[-75.18019,39.99725],[-75.18011,39.99737],[-75.17932,39.99791],[-75.17466,40.00101],[-75.17452,40.00122],[-75.16975,40.00062],[-75.16909,40.00367],[-75.1659,40.00327],[-75.16555,40.00486],[-75.16914,40.00883],[-75.16974,40.00858],[-75.17401,40.00741],[-75.17809,40.00534],[-75.18114,40.0037],[-75.18395,40.00284],[-75.18431,40.00267],[-75.18462,40.00245],[-75.18591,40.00113],[-75.18686,40.00041],[-75.18759,39.99856]]]}},{"type":"Feature","properties":{"GEOID":"42101017202","tract":"Tract 172.02","median_rent":1214.0,"households":1666.0,"renter_households":697.0,"renter_share":0.418},"geometry":{"type":"Polygon","coordinates":[[[-75.18011,39.99737],[-75.18019,39.99725],[-75.17235,39.99624],[-75.172,39.99783],[-75.17042,39.99762],[-75.16975,40.00062],[-75.17452,40.00122],[-75.17466,40.00101],[-75.17533,40.00055],[-75.18011,39.99737]]]}},{"type":"Feature","properties":{"GEOID":"42101027401","tract":"Tract 274.01","median_rent":962.0,"households":1139.0,"renter_households":590.0,"renter_share":0.518},"geometry":{"type":"Polygon","coordinates":[[[-75.1285,40.04563],[-75.13129,40.03282],[-75.12843,40.03247],[-75.12631,40.0422],[-75.12732,40.04232],[-75.12664,40.04539],[-75.1285,40.04563]]]}},{"type":"Feature","properties":{"GEOID":"42101020101","tract":"Tract 201.01","median_rent":921.0,"households":1851.0,"renter_households":1358.0,"renter_share":0.734},"geometry":{"type":"Polygon","coordinates":[[[-75.15811,40.00774],[-75.15893,40.00401],[-75.15737,40.0038],[-75.15831,39.99918],[-75.15822,39.99912],[-75.15361,39.99852],[-75.1516,40.00766],[-75.15638,40.00828],[-75.15654,40.00753],[-75.15811,40.00774]]]}},{"type":"Feature","properties":{"GEOID":"42101028901","tract":"Tract 289.01","median_rent":1184.0,"households":1179.0,"renter_households":349.0,"renter_share":0.296},"geometry":{"type":"Polygon","coordinates":[[[-75.12048,40.02109],[-75.12073,40.01947],[-75.11751,40.01905],[-75.11778,40.01592],[-75.11748,40.01578],[-75.11944,40.01303],[-75.11216,40.01208],[-75.11136,40.01587],[-75.10902,40.01629],[-75.10868,40.01794],[-75.11395,40.0186],[-75.11222,40.02006],[-75.11624,40.02056],[-75.11611,40.02211],[-75.12014,40.02263],[-75.12048,40.02109]]]}},{"type":"Feature","properties":{"GEOID":"42101030501","tract":"Tract 305.01","median_rent":1380.0,"households":1775.0,"renter_households":685.0,"renter_share":0.386},"geometry":{"type":"Polygon","coordinates":[[[-75.10037,40.0446],[-75.10463,40.04007],[-75.10157,40.03829],[-75.0966,40.04249],[-75.09417,40.04503],[-75.09802,40.0471],[-75.1011,40.04504],[-75.10037,40.0446]]]}},{"type":"Feature","properties":{"GEOID":"42101016702","tract":"Tract 167.02","median_rent":1219.0,"households":968.0,"renter_households":485.0,"renter_share":0.501},"geometry":{"type":"Polygon","coordinates":[[[-75.15937,39.99452],[-75.16103,39.98691],[-75.15627,39.98628],[-75.15459,39.99394],[-75.15937,39.99452]]]}},{"type":"Feature","properties":{"GEOID":"42101008802","tract":"Tract 88.02","median_rent":1416.0,"households":1584.0,"renter_households":1469.0,"renter_share":0.927},"geometry":{"type":"Polygon","coordinates":[[[-75.2058,39.95098],[-75.20566,39.94805],[-75.20517,39.94852],[-75.20301,39.94928],[-75.2011,39.94986],[-75.20097,39.94986],[-75.20015,39.94958],[-75.19955,39.94921],[-75.19965,39.94953],[-75.19965,39.94988],[-75.1992,39.95126],[-75.2008,39.95146],[-75.19962,39.95686],[-75.20414,39.95742],[-75.20447,39.9559],[-75.20477,39.95594],[-75.2058,39.95098]]]}},{"type":"Feature","properties":{"GEOID":"42101001002","tract":"Tract 10.02","median_rent":2086.0,"households":2224.0,"renter_households":702.0,"renter_share":0.316},"geometry":{"type":"Polygon","coordinates":[[[-75.14919,39.94903],[-75.15075,39.94182],[-75.14406,39.94097],[-75.14247,39.94817],[-75.14919,39.94903]]]}},{"type":"Feature","properties":{"GEOID":"42101003100","tract":"Tract 31","median_rent":1404.0,"households":2321.0,"renter_households":900.0,"renter_share":0.388},"geometry":{"type":"Polygon","coordinates":[[[-75.18062,39.93582],[-75.18194,39.92973],[-75.17529,39.92887],[-75.17397,39.93497],[-75.18062,39.93582]]]}},{"type":"Feature","properties":{"GEOID":"42101003200","tract":"Tract 32","median_rent":1531.0,"households":1719.0,"renter_households":500.0,"renter_share":0.291},"geometry":{"type":"Polygon","coordinates":[[[-75.18888,39.93689],[-75.19022,39.93078],[-75.18194,39.92973],[-75.18062,39.93582],[-75.18888,39.93689]]]}},{"type":"Feature","properties":{"GEOID":"42101003300","tract":"Tract 33","median_rent":1422.0,"households":2607.0,"renter_households":1589.0,"renter_share":0.61},"geometry":{"type":"Polygon","coordinates":[[[-75.20518,39.94112],[-75.20547,39.93836],[-75.20127,39.93747],[-75.20114,39.93747],[-75.20035,39.93814],[-75.20019,39.93854],[-75.19792,39.93806],[-75.19832,39.93765],[-75.19901,39.93669],[-75.1995,39.93451],[-75.19283,39.93363],[-75.19335,39.93119],[-75.19022,39.93078],[-75.18824,39.93988],[-75.18901,39.93942],[-75.19234,39.94145],[-75.19293,39.94165],[-75.19398,39.94215],[-75.19497,39.94219],[-75.19565,39.94231],[-75.20017,39.94396],[-75.20064,39.94401],[-75.20132,39.94398],[-75.20237,39.9438],[-75.20316,39.94359],[-75.20415,39.94299],[-75.20458,39.94255],[-75.205,39.9418],[-75.20518,39.94112]]]}},{"type":"Feature","properties":{"GEOID":"42101036201","tract":"Tract 362.01","median_rent":1493.0,"households":1962.0,"renter_households":498.0,"renter_share":0.254},"geometry":{"type":"Polygon","coordinates":[[[-74.99435,40.08168],[-74.98885,40.07699],[-74.98738,40.07565],[-74.98689,40.07533],[-74.98575,40.07492],[-74.98463,40.07434],[-74.98404,40.07493],[-74.98314,40.07603],[-74.98249,40.07725],[-74.98226,40.07792],[-74.9817,40.08033],[-74.98181,40.08197],[-74.98169,40.08311],[-74.98129,40.08414],[-74.9804,40.08555],[-74.98018,40.0861],[-74.98021,40.0866],[-74.9806,40.08791],[-74.98149,40.08799],[-74.98197,40.08816],[-74.98418,40.08991],[-74.98466,40.08953],[-74.98503,40.0891],[-74.98585,40.08768],[-74.98681,40.08631],[-74.98764,40.08557],[-74.98877,40.0847],[-74.99049,40.0839],[-74.99435,40.08168]]]}},{"type":"Feature","properties":{"GEOID":"42101038100","tract":"Tract 381","median_rent":1512.0,"households":317.0,"renter_households":180.0,"renter_share":0.568},"geometry":{"type":"Polygon","coordinates":[[[-75.06951,40.0108],[-75.06863,40.00764],[-75.0677,40.00533],[-75.06672,40.00577],[-75.0659,40.00604],[-75.06458,40.00619],[-75.06354,40.00609],[-75.06292,40.0061],[-75.06254,40.00622],[-75.06228,40.00655],[-75.06209,40.00667],[-75.06169,40.00679],[-75.06149,40.00677],[-75.05866,40.00546],[-75.05823,40.00541],[-75.05846,40.00499],[-75.05394,40.00412],[-75.05288,40.00575],[-75.05236,40.00639],[-75.05092,40.00762],[-75.04883,40.00918],[-75.04701,40.0103],[-75.04347,40.01217],[-75.0416,40.01309],[-75.04038,40.01361],[-75.03788,40.01455],[-75.03478,40.01542],[-75.03094,40.01609],[-75.02377,40.01707],[-75.02041,40.0177],[-75.01937,40.01798],[-75.01826,40.01839],[-75.01628,40.01921],[-75.01486,40.01989],[-75.01394,40.02044],[-75.01558,40.02313],[-75.02194,40.03045],[-75.02251,40.03083],[-75.01797,40.03336],[-75.01817,40.0335],[-75.01862,40.03365],[-75.02043,40.03379],[-75.02142,40.03375],[-75.02172,40.03392],[-75.03618,40.02492],[-75.0405,40.0223],[-75.04217,40.02141],[-75.04565,40.01974],[-75.05396,40.01556],[-75.0572,40.01409],[-75.06067,40.01295],[-75.06951,40.0108]]]}},{"type":"Feature","properties":{"GEOID":"42101001101","tract":"Tract 11.01","median_rent":1365.0,"households":2539.0,"renter_households":1986.0,"renter_share":0.782},"geometry":{"type":"Polygon","coordinates":[[[-75.16558,39.94366],[-75.1602,39.943],[-75.15948,39.94633],[-75.16485,39.947],[-75.16558,39.94366]]]}},{"type":"Feature","properties":{"GEOID":"42101027402","tract":"Tract 274.02","median_rent":1078.0,"households":2359.0,"renter_households":245.0,"renter_share":0.104},"geometry":{"type":"Polygon","coordinates":[[[-75.12631,40.0422],[-75.12843,40.03247],[-75.12759,40.03237],[-75.12554,40.03228],[-75.12486,40.03236],[-75.12417,40.03258],[-75.12354,40.03872],[-75.12208,40.04166],[-75.12143,40.04473],[-75.12664,40.04539],[-75.12732,40.04232],[-75.12631,40.0422]]]}},{"type":"Feature","properties":{"GEOID":"42101036502","tract":"Tract 365.02","median_rent":1159.0,"households":1739.0,"renter_households":453.0,"renter_share":0.26},"geometry":{"type":"Polygon","coordinates":[[[-75.00693,40.12429],[-75.01045,40.12068],[-75.00699,40.1186],[-75.00676,40.11787],[-75.00539,40.1148],[-74.99705,40.12117],[-74.99353,40.11868],[-74.99015,40.12165],[-74.98794,40.12329],[-74.98726,40.12327],[-74.98691,40.12337],[-74.98863,40.12442],[-74.98858,40.12486],[-74.9888,40.12531],[-74.98907,40.12557],[-74.98898,40.1258],[-74.98906,40.12611],[-74.98916,40.12616],[-74.99062,40.1263],[-74.99204,40.12599],[-74.99288,40.12591],[-74.99417,40.12609],[-74.99435,40.12622],[-74.99454,40.12668],[-74.99447,40.12711],[-74.99424,40.1275],[-74.99375,40.12791],[-74.99367,40.12811],[-74.99366,40.12838],[-74.99381,40.12851],[-74.99366,40.12875],[-74.99351,40.12877],[-74.99342,40.129],[-74.99352,40.12963],[-74.99313,40.1298],[-74.9931,40.13009],[-74.99305,40.13019],[-74.99286,40.13023],[-74.99274,40.1305],[-74.99278,40.13073],[-74.99321,40.13132],[-74.99389,40.13188],[-74.99419,40.13152],[-74.99789,40.12782],[-75.00227,40.13038],[-75.00325,40.13101],[-75.00323,40.13081],[-75.00339,40.13],[-75.00509,40.1282],[-75.00527,40.12793],[-75.0054,40.12724],[-75.0052,40.12656],[-75.00527,40.12605],[-75.00617,40.12492],[-75.00693,40.12429]]]}},{"type":"Feature","properties":{"GEOID":"42101003600","tract":"Tract 36","median_rent":548.0,"households":2681.0,"renter_households":1554.0,"renter_share":0.58},"geometry":{"type":"Polygon","coordinates":[[[-75.19985,39.93266],[-75.19976,39.93212],[-75.19959,39.93181],[-75.19817,39.93029],[-75.19579,39.92806],[-75.19301,39.92509],[-75.19328,39.92486],[-75.19343,39.92484],[-75.19316,39.92459],[-75.1932,39.92414],[-75.19361,39.92234],[-75.19443,39.92243],[-75.19467,39.92242],[-75.19475,39.92236],[-75.19505,39.92101],[-75.19249,39.92127],[-75.18694,39.92232],[-75.18524,39.93015],[-75.19335,39.93119],[-75.19283,39.93363],[-75.1995,39.93451],[-75.19985,39.93266]]]}},{"type":"Feature","properties":{"GEOID":"42101028100","tract":"Tract 281","median_rent":999.0,"households":1758.0,"renter_households":390.0,"renter_share":0.222},"geometry":{"type":"Polygon","coordinates":[[[-75.15303,40.03058],[-75.15328,40.02996],[-75.15078,40.02657],[-75.14842,40.02312],[-75.14824,40.02296],[-75.14555,40.03526],[-75.14986,40.03583],[-75.15057,40.03494],[-75.15076,40.0343],[-75.15081,40.03351],[-75.15113,40.03278],[-75.15278,40.03095],[-75.15303,40.03058]]]}},{"type":"Feature","properties":{"GEOID":"42101012201","tract":"Tract 122.01","median_rent":1406.0,"households":2082.0,"renter_households":2082.0,"renter_share":1.0},"geometry":{"type":"Polygon","coordinates":[[[-75.21403,40.00508],[-75.21535,40.00124],[-75.21176,40.00202],[-75.20737,40.00277],[-75.20319,40.00339],[-75.20277,40.00378],[-75.20193,40.00487],[-75.20153,40.00509],[-75.20099,40.00527],[-75.20129,40.00597],[-75.20338,40.00516],[-75.2075,40.00647],[-75.20774,40.00631],[-75.20798,40.00625],[-75.20836,40.00628],[-75.20858,40.00638],[-75.20955,40.00714],[-75.20977,40.00698],[-75.21008,40.00639],[-75.21202,40.00488],[-75.21258,40.00479],[-75.21403,40.00508]]]}},{"type":"Feature","properties":{"GEOID":"42101007101","tract":"Tract 71.01","median_rent":1292.0,"households":894.0,"renter_households":518.0,"renter_share":0.579},"geometry":{"type":"Polygon","coordinates":[[[-75.22275,39.94165],[-75.22973,39.93674],[-75.22725,39.93466],[-75.22028,39.93957],[-75.22275,39.94165]]]}},{"type":"Feature","properties":{"GEOID":"42101002801","tract":"Tract 28.01","median_rent":1605.0,"households":1738.0,"renter_households":821.0,"renter_share":0.472},"geometry":{"type":"Polygon","coordinates":[[[-75.15758,39.93284],[-75.1592,39.92551],[-75.15609,39.9251],[-75.15445,39.93242],[-75.15758,39.93284]]]}},{"type":"Feature","properties":{"GEOID":"42101035302","tract":"Tract 353.02","median_rent":1320.0,"households":1798.0,"renter_households":687.0,"renter_share":0.382},"geometry":{"type":"Polygon","coordinates":[[[-75.00483,40.07057],[-75.00727,40.06916],[-74.99838,40.06412],[-74.99826,40.06469],[-74.9988,40.06528],[-74.9987,40.06589],[-74.99827,40.06636],[-74.99736,40.06641],[-74.99641,40.06659],[-74.9962,40.06672],[-74.996,40.06711],[-74.99565,40.06746],[-74.99552,40.06789],[-74.99528,40.06816],[-74.99519,40.06866],[-74.99492,40.06908],[-74.99483,40.0691],[-74.99451,40.0695],[-74.99452,40.06962],[-74.99425,40.06993],[-74.99409,40.07088],[-74.99404,40.07098],[-74.99399,40.07095],[-74.99369,40.07113],[-74.99353,40.07131],[-74.99357,40.07175],[-74.99347,40.07192],[-74.99259,40.07222],[-74.99049,40.07253],[-74.98945,40.07276],[-74.9887,40.07283],[-74.98741,40.07284],[-74.98709,40.07268],[-74.9869,40.07268],[-74.98604,40.07317],[-74.98557,40.07395],[-74.9849,40.07448],[-74.98575,40.07492],[-74.98689,40.07533],[-74.98738,40.07565],[-74.98885,40.07699],[-74.99435,40.08168],[-74.99723,40.08002],[-74.99779,40.07954],[-75.00177,40.07474],[-75.0021,40.07405],[-75.00246,40.07275],[-75.00304,40.07191],[-75.00361,40.07136],[-75.00483,40.07057]]]}},{"type":"Feature","properties":{"GEOID":"42101002000","tract":"Tract 20","median_rent":1855.0,"households":1229.0,"renter_households":469.0,"renter_share":0.382},"geometry":{"type":"Polygon","coordinates":[[[-75.18824,39.93988],[-75.18888,39.93689],[-75.18062,39.93582],[-75.17984,39.93948],[-75.18744,39.94036],[-75.18824,39.93988]]]}},{"type":"Feature","properties":{"GEOID":"42101014300","tract":"Tract 143","median_rent":2096.0,"households":987.0,"renter_households":300.0,"renter_share":0.304},"geometry":{"type":"Polygon","coordinates":[[[-75.13443,39.96879],[-75.13441,39.96477],[-75.13436,39.9646],[-75.13422,39.96448],[-75.13364,39.96496],[-75.13314,39.96524],[-75.1287,39.96698],[-75.12754,39.96543],[-75.12578,39.96254],[-75.12337,39.96378],[-75.11915,39.9658],[-75.12124,39.96866],[-75.12148,39.96925],[-75.12221,39.97017],[-75.1221,39.97063],[-75.12212,39.97086],[-75.12177,39.971],[-75.11962,39.97295],[-75.12041,39.97339],[-75.12068,39.97342],[-75.12105,39.97337],[-75.1235,39.97252],[-75.12349,39.97265],[-75.12425,39.9724],[-75.12772,39.97108],[-75.12943,39.97054],[-75.13443,39.96879]]]}},{"type":"Feature","properties":{"GEOID":"42101026100","tract":"Tract 261","median_rent":1125.0,"households":1433.0,"renter_households":530.0,"renter_share":0.37},"geometry":{"type":"Polygon","coordinates":[[[-75.17945,40.07126],[-75.18175,40.0689],[-75.17533,40.06522],[-75.16899,40.07147],[-75.17684,40.07598],[-75.17803,40.07407],[-75.17945,40.07126]]]}},{"type":"Feature","properties":{"GEOID":"42101026200","tract":"Tract 262","median_rent":1261.0,"households":1671.0,"renter_households":302.0,"renter_share":0.181},"geometry":{"type":"Polygon","coordinates":[[[-75.17533,40.06522],[-75.16864,40.06137],[-75.16571,40.06439],[-75.1681,40.06522],[-75.16607,40.06719],[-75.16571,40.06744],[-75.16382,40.06636],[-75.1625,40.06773],[-75.16899,40.07147],[-75.17533,40.06522]]]}},{"type":"Feature","properties":{"GEOID":"42101026302","tract":"Tract 263.02","median_rent":1164.0,"households":2113.0,"renter_households":614.0,"renter_share":0.291},"geometry":{"type":"Polygon","coordinates":[[[-75.15842,40.07417],[-75.16411,40.06866],[-75.15673,40.06444],[-75.1565,40.06439],[-75.15525,40.06243],[-75.15351,40.06428],[-75.15294,40.06612],[-75.1522,40.06953],[-75.152,40.06989],[-75.1516,40.07033],[-75.15842,40.07417]]]}},{"type":"Feature","properties":{"GEOID":"42101026400","tract":"Tract 264","median_rent":1291.0,"households":2319.0,"renter_households":709.0,"renter_share":0.306},"geometry":{"type":"Polygon","coordinates":[[[-75.16571,40.06439],[-75.16864,40.06137],[-75.16832,40.06119],[-75.16069,40.05683],[-75.15525,40.06243],[-75.1565,40.06439],[-75.15673,40.06444],[-75.1625,40.06773],[-75.16382,40.06636],[-75.16571,40.06744],[-75.16607,40.06719],[-75.1681,40.06522],[-75.16571,40.06439]]]}},{"type":"Feature","properties":{"GEOID":"42101026500","tract":"Tract 265","median_rent":1522.0,"households":1835.0,"renter_households":388.0,"renter_share":0.211},"geometry":{"type":"Polygon","coordinates":[[[-75.16069,40.05683],[-75.15787,40.0552],[-75.15555,40.05407],[-75.15259,40.05637],[-75.14938,40.05825],[-75.14922,40.05843],[-75.14933,40.05868],[-75.15267,40.06357],[-75.15316,40.06414],[-75.15351,40.06428],[-75.16069,40.05683]]]}},{"type":"Feature","properties":{"GEOID":"42101013200","tract":"Tract 132","median_rent":1103.0,"households":1752.0,"renter_households":1418.0,"renter_share":0.809},"geometry":{"type":"Polygon","coordinates":[[[-75.1597,39.9702],[-75.16119,39.96342],[-75.16104,39.9634],[-75.15431,39.96261],[-75.15302,39.96855],[-75.1597,39.9702]]]}},{"type":"Feature","properties":{"GEOID":"42101027000","tract":"Tract 270","median_rent":1234.0,"households":982.0,"renter_households":320.0,"renter_share":0.326},"geometry":{"type":"Polygon","coordinates":[[[-75.13777,40.05311],[-75.13911,40.04701],[-75.13674,40.04669],[-75.13635,40.04655],[-75.13602,40.04623],[-75.13566,40.04617],[-75.13128,40.04598],[-75.1285,40.04563],[-75.12714,40.05175],[-75.13777,40.05311]]]}},{"type":"Feature","properties":{"GEOID":"42101036400","tract":"Tract 364","median_rent":null,"households":331.0,"renter_households":32.0,"renter_share":0.097},"geometry":{"type":"Polygon","coordinates":[[[-75.00539,40.1148],[-75.00355,40.11085],[-75.00294,40.11098],[-75.00241,40.11098],[-75.00096,40.11139],[-74.9994,40.11013],[-74.98667,40.09928],[-74.982,40.10245],[-74.98339,40.10368],[-74.98235,40.10437],[-74.98034,40.10526],[-74.97947,40.10579],[-74.97029,40.11307],[-74.96988,40.11323],[-74.97,40.11364],[-74.96976,40.11593],[-74.9695,40.11617],[-74.9683,40.11684],[-74.96732,40.1176],[-74.96662,40.11793],[-74.96572,40.11807],[-74.96465,40.11751],[-74.9643,40.11752],[-74.96426,40.11756],[-74.96449,40.11812],[-74.9645,40.11832],[-74.96461,40.11848],[-74.96499,40.11864],[-74.9652,40.11861],[-74.96546,40.11855],[-74.96638,40.11811],[-74.96735,40.11793],[-74.96746,40.11788],[-74.96756,40.11763],[-74.96832,40.11709],[-74.96868,40.11693],[-74.9692,40.11682],[-74.96965,40.117],[-74.96981,40.11701],[-74.96999,40.11695],[-74.97018,40.117],[-74.97187,40.11908],[-74.97265,40.11965],[-74.97296,40.1198],[-74.97443,40.1198],[-74.9751,40.12021],[-74.97567,40.12019],[-74.97573,40.12039],[-74.97593,40.12046],[-74.97603,40.12044],[-74.97603,40.12028],[-74.97614,40.12014],[-74.97661,40.11997],[-74.97693,40.11992],[-74.97725,40.12006],[-74.97738,40.12006],[-74.97752,40.12002],[-74.97759,40.11976],[-74.97774,40.11965],[-74.97837,40.11945],[-74.97869,40.11953],[-74.97913,40.11934],[-74.9796,40.11942],[-74.98022,40.12001],[-74.98132,40.12015],[-74.98183,40.11992],[-74.98237,40.11994],[-74.98262,40.12005],[-74.98292,40.12028],[-74.98308,40.12064],[-74.983,40.12101],[-74.98293,40.12109],[-74.98261,40.12118],[-74.98225,40.1219],[-74.9825,40.12195],[-74.98272,40.12235],[-74.98274,40.12254],[-74.98258,40.12279],[-74.98268,40.12301],[-74.98296,40.12335],[-74.98343,40.12362],[-74.98421,40.12356],[-74.98431,40.12359],[-74.98442,40.1238],[-74.98498,40.1239],[-74.98642,40.12305],[-74.98655,40.12306],[-74.98691,40.12337],[-74.98726,40.12327],[-74.98794,40.12329],[-74.99015,40.12165],[-74.99353,40.11868],[-74.99705,40.12117],[-75.00539,40.1148]]]}},{"type":"Feature","properties":{"GEOID":"42101031402","tract":"Tract 314.02","median_rent":1594.0,"households":1737.0,"renter_households":755.0,"renter_share":0.435},"geometry":{"type":"Polygon","coordinates":[[[-75.06193,40.04411],[-75.06558,40.04044],[-75.06154,40.03821],[-75.05465,40.04464],[-75.06137,40.04858],[-75.06446,40.04552],[-75.06193,40.04411]]]}},{"type":"Feature","properties":{"GEOID":"42101016701","tract":"Tract 167.01","median_rent":1106.0,"households":1305.0,"renter_households":414.0,"renter_share":0.317},"geometry":{"type":"Polygon","coordinates":[[[-75.16409,39.99517],[-75.16428,39.99461],[-75.16294,39.99304],[-75.16418,39.98731],[-75.16103,39.98691],[-75.15937,39.99452],[-75.16409,39.99517]]]}},{"type":"Feature","properties":{"GEOID":"42101027901","tract":"Tract 279.01","median_rent":1171.0,"households":1485.0,"renter_households":687.0,"renter_share":0.463},"geometry":{"type":"Polygon","coordinates":[[[-75.15796,40.04903],[-75.15831,40.04286],[-75.15395,40.04275],[-75.15388,40.04366],[-75.15208,40.04361],[-75.1498,40.04367],[-75.1496,40.0447],[-75.14965,40.04499],[-75.15083,40.04654],[-75.15108,40.04712],[-75.15082,40.04852],[-75.15324,40.04884],[-75.15796,40.04903]]]}},{"type":"Feature","properties":{"GEOID":"42101027902","tract":"Tract 279.02","median_rent":1077.0,"households":1251.0,"renter_households":821.0,"renter_share":0.656},"geometry":{"type":"Polygon","coordinates":[[[-75.15836,40.03635],[-75.1596,40.03514],[-75.15793,40.03379],[-75.15764,40.03321],[-75.15763,40.03141],[-75.15776,40.03119],[-75.15812,40.03083],[-75.15403,40.03156],[-75.15237,40.03139],[-75.15113,40.03278],[-75.15081,40.03351],[-75.15076,40.0343],[-75.15057,40.03494],[-75.14946,40.03626],[-75.14918,40.03686],[-75.14913,40.03746],[-75.14917,40.03777],[-75.14943,40.03831],[-75.1515,40.04061],[-75.15144,40.04087],[-75.15116,40.04131],[-75.1502,40.04218],[-75.15004,40.04255],[-75.1498,40.04367],[-75.15208,40.04361],[-75.15388,40.04366],[-75.15395,40.04275],[-75.15831,40.04286],[-75.15845,40.03854],[-75.15836,40.03635]]]}},{"type":"Feature","properties":{"GEOID":"42101008702","tract":"Tract 87.02","median_rent":1397.0,"households":1788.0,"renter_households":1622.0,"renter_share":0.907},"geometry":{"type":"Polygon","coordinates":[[[-75.20933,39.95144],[-75.20926,39.94954],[-75.20804,39.94975],[-75.20576,39.94983],[-75.20582,39.95095],[-75.20477,39.95594],[-75.20447,39.9559],[-75.20414,39.95742],[-75.20813,39.95791],[-75.20926,39.95252],[-75.20933,39.95144]]]}},{"type":"Feature","properties":{"GEOID":"42101008101","tract":"Tract 81.01","median_rent":1056.0,"households":1040.0,"renter_households":419.0,"renter_share":0.403},"geometry":{"type":"Polygon","coordinates":[[[-75.23912,39.95045],[-75.24005,39.94592],[-75.23727,39.94646],[-75.2317,39.9478],[-75.23129,39.94782],[-75.23096,39.94944],[-75.23912,39.95045]]]}},{"type":"Feature","properties":{"GEOID":"42101007102","tract":"Tract 71.02","median_rent":1224.0,"households":1779.0,"renter_households":710.0,"renter_share":0.399},"geometry":{"type":"Polygon","coordinates":[[[-75.23363,39.94029],[-75.23242,39.939],[-75.22973,39.93674],[-75.22275,39.94165],[-75.2268,39.94508],[-75.23363,39.94029]]]}},{"type":"Feature","properties":{"GEOID":"42101036700","tract":"Tract 367","median_rent":2254.0,"households":1846.0,"renter_households":914.0,"renter_share":0.495},"geometry":{"type":"Polygon","coordinates":[[[-75.14715,39.96713],[-75.14888,39.95766],[-75.14764,39.9575],[-75.14462,39.95691],[-75.1432,39.95654],[-75.14218,39.95618],[-75.14159,39.95575],[-75.14141,39.95712],[-75.13995,39.95693],[-75.13808,39.96294],[-75.13843,39.96308],[-75.13883,39.96313],[-75.13934,39.9635],[-75.14715,39.96713]]]}},{"type":"Feature","properties":{"GEOID":"42101034900","tract":"Tract 349","median_rent":1119.0,"households":2156.0,"renter_households":834.0,"renter_share":0.387},"geometry":{"type":"Polygon","coordinates":[[[-75.02212,40.03806],[-75.02204,40.03753],[-75.02181,40.03702],[-75.01621,40.03991],[-75.01535,40.03894],[-75.01432,40.03945],[-75.01254,40.03803],[-75.01074,40.03873],[-75.00817,40.04003],[-74.99627,40.0472],[-75.0048,40.05475],[-75.01015,40.05061],[-75.01402,40.04747],[-75.01844,40.04412],[-75.0189,40.04384],[-75.01952,40.04362],[-75.02028,40.04352],[-75.0205,40.04354],[-75.02064,40.04316],[-75.02072,40.0425],[-75.02186,40.03952],[-75.02212,40.03806]]]}},{"type":"Feature","properties":{"GEOID":"42101035100","tract":"Tract 351","median_rent":1615.0,"households":2181.0,"renter_households":673.0,"renter_share":0.309},"geometry":{"type":"Polygon","coordinates":[[[-74.99295,40.049],[-74.99627,40.0472],[-74.99098,40.04253],[-74.99061,40.04237],[-74.9903,40.04238],[-74.98768,40.03998],[-74.98702,40.04048],[-74.98566,40.0413],[-74.98443,40.04216],[-74.98383,40.04271],[-74.98235,40.04448],[-74.98117,40.04553],[-74.98059,40.04594],[-74.97989,40.04634],[-74.9792,40.04659],[-74.97719,40.04717],[-74.97664,40.04741],[-74.97621,40.0477],[-74.97576,40.04815],[-74.97478,40.04932],[-74.97792,40.05213],[-74.97856,40.05249],[-74.97947,40.05316],[-74.97969,40.0534],[-74.97973,40.05355],[-74.98003,40.05364],[-74.98202,40.05373],[-74.98255,40.05395],[-74.98267,40.05395],[-74.98319,40.05422],[-74.98349,40.05445],[-74.9839,40.05499],[-74.98615,40.05266],[-74.98712,40.05192],[-74.98817,40.05124],[-74.98935,40.05057],[-74.99295,40.049]]]}},{"type":"Feature","properties":{"GEOID":"42101039100","tract":"Tract 391","median_rent":407.0,"households":1103.0,"renter_households":937.0,"renter_share":0.85},"geometry":{"type":"Polygon","coordinates":[[[-75.20942,39.94006],[-75.2227,39.93081],[-75.21943,39.92808],[-75.21331,39.92554],[-75.21243,39.92523],[-75.21125,39.92852],[-75.20871,39.93153],[-75.20748,39.93352],[-75.20684,39.93409],[-75.2062,39.93497],[-75.20558,39.93711],[-75.20518,39.94112],[-75.2071,39.94128],[-75.20784,39.94129],[-75.20942,39.94006]]]}},{"type":"Feature","properties":{"GEOID":"42101034702","tract":"Tract 347.02","median_rent":1263.0,"households":1395.0,"renter_households":80.0,"renter_share":0.057},"geometry":{"type":"Polygon","coordinates":[[[-75.03647,40.05397],[-75.0362,40.05324],[-75.03587,40.05272],[-75.03589,40.05245],[-75.0361,40.05206],[-75.03607,40.05171],[-75.03595,40.05151],[-75.03566,40.0513],[-75.03525,40.05122],[-75.03478,40.05129],[-75.03369,40.05214],[-75.03322,40.05239],[-75.03255,40.05262],[-75.03235,40.05259],[-75.03222,40.0525],[-75.03184,40.05176],[-75.03155,40.05151],[-75.03131,40.05141],[-75.03094,40.05134],[-75.03021,40.05138],[-75.02951,40.05133],[-75.02675,40.05078],[-75.02651,40.05066],[-75.02576,40.05061],[-75.02499,40.05073],[-75.02418,40.05104],[-75.02376,40.05127],[-75.02273,40.05239],[-75.02333,40.05263],[-75.02293,40.05325],[-75.02425,40.05399],[-75.02337,40.05533],[-75.02411,40.05604],[-75.0247,40.05728],[-75.02482,40.06029],[-75.02171,40.06339],[-75.02222,40.06352],[-75.02239,40.06377],[-75.02266,40.064],[-75.02826,40.06731],[-75.02847,40.06698],[-75.02854,40.06655],[-75.02796,40.0601],[-75.0281,40.05945],[-75.029,40.0578],[-75.029,40.05752],[-75.02876,40.05678],[-75.02902,40.05662],[-75.02903,40.0564],[-75.03293,40.05673],[-75.03373,40.05688],[-75.03506,40.05733],[-75.03637,40.05446],[-75.03647,40.05397]]]}},{"type":"Feature","properties":{"GEOID":"42101034801","tract":"Tract 348.01","median_rent":629.0,"households":2113.0,"renter_households":1109.0,"renter_share":0.525},"geometry":{"type":"Polygon","coordinates":[[[-75.02482,40.06029],[-75.0247,40.05728],[-75.02411,40.05604],[-75.02372,40.05561],[-75.02323,40.05524],[-75.0182,40.05251],[-75.01736,40.05168],[-75.01708,40.0512],[-75.01691,40.05069],[-75.01681,40.0499],[-75.01687,40.04911],[-75.01707,40.04861],[-75.01737,40.04814],[-75.01777,40.04771],[-75.01941,40.04647],[-75.01896,40.04591],[-75.01904,40.04475],[-75.0185,40.04408],[-75.01402,40.04747],[-75.01015,40.05061],[-75.0048,40.05475],[-75.00825,40.0578],[-75.00855,40.05781],[-75.01022,40.05705],[-75.01124,40.05667],[-75.01259,40.0564],[-75.01283,40.0564],[-75.01764,40.05947],[-75.02105,40.06157],[-75.0214,40.06199],[-75.02199,40.06311],[-75.02482,40.06029]]]}},{"type":"Feature","properties":{"GEOID":"42101034802","tract":"Tract 348.02","median_rent":1181.0,"households":2470.0,"renter_households":1235.0,"renter_share":0.5},"geometry":{"type":"Polygon","coordinates":[[[-75.01313,40.07207],[-75.02199,40.06311],[-75.0214,40.06199],[-75.02105,40.06157],[-75.01764,40.05947],[-75.01283,40.0564],[-75.01259,40.0564],[-75.01124,40.05667],[-75.01022,40.05705],[-75.00855,40.05781],[-75.00825,40.0578],[-75.0088,40.0584],[-75.00934,40.06052],[-75.00942,40.06137],[-75.0094,40.06526],[-75.00917,40.06638],[-75.00856,40.06798],[-75.00813,40.06858],[-75.00771,40.06892],[-75.00727,40.06916],[-75.01313,40.07207]]]}},{"type":"Feature","properties":{"GEOID":"42101005400","tract":"Tract 54","median_rent":1371.0,"households":740.0,"renter_households":448.0,"renter_share":0.605},"geometry":{"type":"Polygon","coordinates":[[[-75.26515,39.88732],[-75.26506,39.88682],[-75.26482,39.88643],[-75.26455,39.88623],[-75.26409,39.88609],[-75.26381,39.88617],[-75.26296,39.88618],[-75.26268,39.88603],[-75.26262,39.88581],[-75.26273,39.88555],[-75.26315,39.8853],[-75.26423,39.885],[-75.2646,39.88474],[-75.26441,39.88432],[-75.26418,39.88416],[-75.26243,39.88363],[-75.26196,39.88324],[-75.26189,39.88307],[-75.26195,39.88289],[-75.26226,39.88257],[-75.26308,39.88236],[-75.26434,39.88226],[-75.26456,39.88212],[-75.26511,39.88166],[-75.265,39.88098],[-75.26253,39.87656],[-75.26125,39.87648],[-75.26055,39.87683],[-75.25845,39.87764],[-75.2576,39.87807],[-75.25641,39.87881],[-75.25542,39.87956],[-75.25439,39.88051],[-75.25336,39.8816],[-75.24623,39.8895],[-75.24586,39.88985],[-75.24528,39.89025],[-75.24481,39.8905],[-75.24294,39.89131],[-75.24183,39.89201],[-75.25235,39.89762],[-75.25365,39.89825],[-75.25509,39.89876],[-75.2551,39.89867],[-75.25551,39.89818],[-75.25623,39.8971],[-75.25715,39.89615],[-75.25736,39.89584],[-75.25739,39.8957],[-75.25727,39.89556],[-75.25679,39.89519],[-75.25666,39.89493],[-75.25674,39.89473],[-75.25839,39.89298],[-75.25896,39.89252],[-75.25911,39.89244],[-75.26015,39.8923],[-75.26111,39.89208],[-75.26151,39.89194],[-75.26174,39.89177],[-75.26211,39.89047],[-75.26211,39.88914],[-75.26231,39.88854],[-75.26269,39.88834],[-75.26374,39.88847],[-75.26428,39.8884],[-75.26461,39.8882],[-75.26488,39.88793],[-75.26511,39.88752],[-75.26515,39.88732]]]}},{"type":"Feature","properties":{"GEOID":"42101005500","tract":"Tract 55","median_rent":1496.0,"households":2789.0,"renter_households":975.0,"renter_share":0.35},"geometry":{"type":"Polygon","coordinates":[[[-75.2556,39.8996],[-75.25525,39.89914],[-75.25509,39.89876],[-75.25365,39.89825],[-75.25235,39.89762],[-75.24975,39.90055],[-75.24911,39.90111],[-75.2482,39.90178],[-75.24731,39.90228],[-75.24631,39.90273],[-75.24498,39.90318],[-75.24058,39.90406],[-75.24322,39.91249],[-75.24337,39.91301],[-75.24323,39.91311],[-75.24338,39.91349],[-75.24631,39.91718],[-75.24687,39.9181],[-75.24692,39.91831],[-75.24686,39.91876],[-75.24724,39.91864],[-75.24734,39.91854],[-75.24736,39.91799],[-75.24719,39.91709],[-75.24697,39.91694],[-75.24675,39.91623],[-75.24772,39.91484],[-75.24771,39.91472],[-75.24759,39.91461],[-75.24759,39.91436],[-75.24732,39.91429],[-75.24712,39.91404],[-75.24706,39.91391],[-75.24712,39.91368],[-75.2472,39.91358],[-75.24806,39.91316],[-75.24838,39.91293],[-75.24869,39.9123],[-75.24876,39.91198],[-75.24898,39.91175],[-75.25019,39.9112],[-75.2504,39.91104],[-75.25127,39.91003],[-75.2515,39.91005],[-75.25129,39.90998],[-75.2513,39.90986],[-75.25111,39.90971],[-75.25066,39.90957],[-75.25016,39.9095],[-75.24993,39.90935],[-75.2499,39.90927],[-75.25017,39.90857],[-75.25021,39.90791],[-75.25032,39.90763],[-75.25176,39.90674],[-75.25248,39.90663],[-75.25349,39.90559],[-75.25129,39.9044],[-75.2556,39.8996]]]}},{"type":"Feature","properties":{"GEOID":"42101024200","tract":"Tract 242","median_rent":740.0,"households":1925.0,"renter_households":1110.0,"renter_share":0.577},"geometry":{"type":"Polygon","coordinates":[[[-75.17361,40.02869],[-75.17511,40.02725],[-75.17404,40.02659],[-75.16912,40.02386],[-75.16375,40.02925],[-75.17061,40.03313],[-75.17457,40.02924],[-75.17361,40.02869]]]}},{"type":"Feature","properties":{"GEOID":"42101024300","tract":"Tract 243","median_rent":1198.0,"households":1914.0,"renter_households":1018.0,"renter_share":0.532},"geometry":{"type":"Polygon","coordinates":[[[-75.17404,40.02659],[-75.17814,40.0226],[-75.17234,40.0176],[-75.17078,40.01796],[-75.16601,40.01862],[-75.16434,40.01906],[-75.16376,40.01923],[-75.16316,40.01971],[-75.16278,40.02037],[-75.17404,40.02659]]]}},{"type":"Feature","properties":{"GEOID":"42101024500","tract":"Tract 245","median_rent":779.0,"households":1721.0,"renter_households":1055.0,"renter_share":0.613},"geometry":{"type":"Polygon","coordinates":[[[-75.16921,40.03231],[-75.16413,40.02949],[-75.16143,40.02776],[-75.16005,40.02602],[-75.15993,40.02556],[-75.15986,40.02462],[-75.15955,40.02392],[-75.15947,40.02411],[-75.15941,40.02474],[-75.15903,40.03032],[-75.15812,40.03083],[-75.15776,40.03119],[-75.15762,40.03151],[-75.15764,40.03321],[-75.15793,40.03379],[-75.1596,40.03514],[-75.15836,40.03635],[-75.15845,40.03854],[-75.15834,40.04202],[-75.1604,40.04001],[-75.16127,40.03895],[-75.16275,40.0375],[-75.16469,40.03652],[-75.16501,40.0363],[-75.16575,40.0357],[-75.16921,40.03231]]]}},{"type":"Feature","properties":{"GEOID":"42101024600","tract":"Tract 246","median_rent":913.0,"households":1220.0,"renter_households":721.0,"renter_share":0.591},"geometry":{"type":"Polygon","coordinates":[[[-75.17776,40.0394],[-75.17521,40.03623],[-75.17472,40.03582],[-75.17351,40.03483],[-75.16921,40.03231],[-75.16575,40.0357],[-75.16481,40.03645],[-75.17038,40.03692],[-75.1713,40.03727],[-75.17179,40.03763],[-75.17194,40.03787],[-75.17214,40.03836],[-75.17217,40.03864],[-75.17203,40.03914],[-75.17168,40.0396],[-75.17104,40.04022],[-75.1707,40.04068],[-75.16972,40.04293],[-75.16959,40.04344],[-75.16949,40.04453],[-75.17013,40.04492],[-75.17073,40.04615],[-75.17776,40.0394]]]}},{"type":"Feature","properties":{"GEOID":"42101008701","tract":"Tract 87.01","median_rent":1471.0,"households":2056.0,"renter_households":1839.0,"renter_share":0.894},"geometry":{"type":"Polygon","coordinates":[[[-75.21104,39.95828],[-75.21292,39.94906],[-75.21126,39.94925],[-75.20926,39.94954],[-75.20934,39.95138],[-75.20926,39.95252],[-75.20813,39.95791],[-75.21104,39.95828]]]}},{"type":"Feature","properties":{"GEOID":"42101008102","tract":"Tract 81.02","median_rent":1253.0,"households":2383.0,"renter_households":806.0,"renter_share":0.338},"geometry":{"type":"Polygon","coordinates":[[[-75.23817,39.95501],[-75.23912,39.95045],[-75.23096,39.94944],[-75.23,39.954],[-75.23817,39.95501]]]}},{"type":"Feature","properties":{"GEOID":"42101025500","tract":"Tract 255","median_rent":1445.0,"households":1193.0,"renter_households":309.0,"renter_share":0.259},"geometry":{"type":"Polygon","coordinates":[[[-75.19105,40.06018],[-75.19001,40.05898],[-75.18838,40.05744],[-75.18731,40.05548],[-75.18477,40.05786],[-75.17653,40.0659],[-75.18175,40.0689],[-75.19105,40.06018]]]}},{"type":"Feature","properties":{"GEOID":"42101025600","tract":"Tract 256","median_rent":1571.0,"households":1235.0,"renter_households":426.0,"renter_share":0.345},"geometry":{"type":"Polygon","coordinates":[[[-75.19639,40.06662],[-75.19602,40.0654],[-75.19573,40.06518],[-75.19509,40.06492],[-75.19415,40.06438],[-75.19105,40.06018],[-75.18175,40.0689],[-75.1892,40.07317],[-75.19063,40.07199],[-75.19137,40.07123],[-75.19214,40.0702],[-75.19351,40.06882],[-75.19485,40.06765],[-75.19552,40.06726],[-75.19639,40.06662]]]}},{"type":"Feature","properties":{"GEOID":"42101025700","tract":"Tract 257","median_rent":1737.0,"households":2060.0,"renter_households":1473.0,"renter_share":0.715},"geometry":{"type":"Polygon","coordinates":[[[-75.20088,40.07496],[-75.20265,40.07321],[-75.20179,40.07199],[-75.19985,40.06962],[-75.19867,40.06858],[-75.19674,40.06736],[-75.19653,40.06712],[-75.19639,40.06662],[-75.19552,40.06726],[-75.19485,40.06765],[-75.19351,40.06882],[-75.19214,40.0702],[-75.19137,40.07123],[-75.19063,40.07199],[-75.1892,40.07317],[-75.1976,40.07799],[-75.19864,40.07681],[-75.19928,40.07596],[-75.19941,40.07589],[-75.19938,40.07578],[-75.1995,40.07547],[-75.19979,40.07537],[-75.1999,40.07541],[-75.20012,40.07537],[-75.20088,40.07496]]]}},{"type":"Feature","properties":{"GEOID":"42101025800","tract":"Tract 258","median_rent":1520.0,"households":857.0,"renter_households":169.0,"renter_share":0.197},"geometry":{"type":"Polygon","coordinates":[[[-75.18846,40.07275],[-75.18175,40.0689],[-75.17945,40.07126],[-75.17803,40.07407],[-75.17684,40.07598],[-75.18033,40.07799],[-75.18024,40.07808],[-75.18205,40.0791],[-75.18846,40.07275]]]}},{"type":"Feature","properties":{"GEOID":"42101025900","tract":"Tract 259","median_rent":1325.0,"households":2103.0,"renter_households":437.0,"renter_share":0.208},"geometry":{"type":"Polygon","coordinates":[[[-75.17644,40.08465],[-75.18205,40.0791],[-75.18024,40.07808],[-75.18033,40.07799],[-75.17551,40.07521],[-75.16991,40.08082],[-75.17644,40.08465]]]}},{"type":"Feature","properties":{"GEOID":"42101018300","tract":"Tract 183","median_rent":1212.0,"households":1556.0,"renter_households":122.0,"renter_share":0.078},"geometry":{"type":"Polygon","coordinates":[[[-75.07978,40.00234],[-75.08637,39.99889],[-75.0859,39.99844],[-75.08527,39.99791],[-75.08414,39.99712],[-75.08335,39.99641],[-75.07933,39.99193],[-75.07829,39.99094],[-75.0738,39.98742],[-75.07072,39.9851],[-75.06782,39.98328],[-75.06577,39.98478],[-75.06551,39.98507],[-75.06943,39.9865],[-75.07226,39.9902],[-75.06786,39.99248],[-75.067,39.99299],[-75.06616,39.99382],[-75.06546,39.99498],[-75.06605,39.99552],[-75.07123,40.00251],[-75.07315,40.00152],[-75.07541,40.00456],[-75.07557,40.00495],[-75.07569,40.00555],[-75.07978,40.00234]]]}},{"type":"Feature","properties":{"GEOID":"42101018400","tract":"Tract 184","median_rent":1456.0,"households":882.0,"renter_households":94.0,"renter_share":0.107},"geometry":{"type":"Polygon","coordinates":[[[-75.07569,40.00555],[-75.07557,40.00495],[-75.07541,40.00456],[-75.07315,40.00152],[-75.07123,40.00251],[-75.06605,39.99552],[-75.06546,39.99498],[-75.06616,39.99382],[-75.067,39.99299],[-75.06786,39.99248],[-75.07226,39.9902],[-75.06943,39.9865],[-75.06551,39.98507],[-75.06261,39.98816],[-75.06111,39.99056],[-75.06008,39.99257],[-75.05809,39.9974],[-75.05516,40.0024],[-75.05394,40.00412],[-75.05846,40.00499],[-75.05823,40.00541],[-75.05866,40.00546],[-75.06149,40.00677],[-75.06169,40.00679],[-75.06209,40.00667],[-75.06228,40.00655],[-75.06254,40.00622],[-75.06292,40.0061],[-75.06354,40.00609],[-75.06458,40.00619],[-75.0659,40.00604],[-75.06672,40.00577],[-75.0677,40.00533],[-75.06863,40.00764],[-75.06894,40.00878],[-75.06996,40.00847],[-75.07249,40.00812],[-75.07569,40.00555]]]}},{"type":"Feature","properties":{"GEOID":"42101019000","tract":"Tract 190","median_rent":972.0,"households":2316.0,"renter_households":1036.0,"renter_share":0.447},"geometry":{"type":"Polygon","coordinates":[[[-75.10156,40.01388],[-75.1038,40.00313],[-75.10181,40.00286],[-75.09257,40.00793],[-75.09278,40.00815],[-75.09469,40.00927],[-75.09503,40.00977],[-75.09508,40.01031],[-75.09368,40.0124],[-75.09351,40.01277],[-75.09346,40.01313],[-75.0936,40.01353],[-75.0944,40.01479],[-75.09503,40.01527],[-75.0961,40.01588],[-75.09655,40.01597],[-75.09704,40.01595],[-75.09706,40.0152],[-75.09743,40.01333],[-75.10156,40.01388]]]}},{"type":"Feature","properties":{"GEOID":"42101004201","tract":"Tract 42.01","median_rent":1561.0,"households":2080.0,"renter_households":512.0,"renter_share":0.246},"geometry":{"type":"Polygon","coordinates":[[[-75.15453,39.92489],[-75.1556,39.92001],[-75.14808,39.91904],[-75.14821,39.92046],[-75.14784,39.92257],[-75.14748,39.92397],[-75.15453,39.92489]]]}},{"type":"Feature","properties":{"GEOID":"42101028800","tract":"Tract 288","median_rent":1155.0,"households":1671.0,"renter_households":478.0,"renter_share":0.286},"geometry":{"type":"Polygon","coordinates":[[[-75.12888,40.01894],[-75.12502,40.01843],[-75.12509,40.01811],[-75.12447,40.01781],[-75.12413,40.0179],[-75.124,40.0181],[-75.12392,40.01841],[-75.12395,40.01903],[-75.12375,40.01932],[-75.12358,40.01939],[-75.12335,40.01938],[-75.1233,40.01944],[-75.12285,40.01923],[-75.12275,40.01972],[-75.12073,40.01947],[-75.12048,40.02109],[-75.11945,40.02592],[-75.11973,40.02602],[-75.12228,40.02565],[-75.12184,40.02616],[-75.12539,40.02565],[-75.12549,40.02503],[-75.12722,40.02478],[-75.12792,40.02198],[-75.12888,40.01894]]]}},{"type":"Feature","properties":{"GEOID":"42101011700","tract":"Tract 117","median_rent":3132.0,"households":368.0,"renter_households":80.0,"renter_share":0.217},"geometry":{"type":"Polygon","coordinates":[[[-75.24795,39.99114],[-75.24701,39.98993],[-75.24664,39.98968],[-75.24619,39.98952],[-75.24642,39.98827],[-75.24548,39.98662],[-75.23984,39.98929],[-75.23865,39.99033],[-75.23836,39.99049],[-75.23801,39.99063],[-75.23626,39.99097],[-75.23371,39.99218],[-75.23414,39.9956],[-75.2353,39.99707],[-75.24795,39.99114]]]}},{"type":"Feature","properties":{"GEOID":"42101016902","tract":"Tract 169.02","median_rent":1107.0,"households":2012.0,"renter_households":1038.0,"renter_share":0.516},"geometry":{"type":"Polygon","coordinates":[[[-75.1876,39.9982],[-75.18756,39.99583],[-75.18726,39.99495],[-75.18615,39.99266],[-75.18671,39.99021],[-75.18026,39.98939],[-75.17858,39.99704],[-75.1876,39.9982]]]}},{"type":"Feature","properties":{"GEOID":"42101001400","tract":"Tract 14","median_rent":1761.0,"households":2134.0,"renter_households":1076.0,"renter_share":0.504},"geometry":{"type":"Polygon","coordinates":[[[-75.17699,39.94508],[-75.1776,39.94223],[-75.1662,39.94081],[-75.16558,39.94366],[-75.17699,39.94508]]]}},{"type":"Feature","properties":{"GEOID":"42101020900","tract":"Tract 209","median_rent":1683.0,"households":1422.0,"renter_households":725.0,"renter_share":0.51},"geometry":{"type":"Polygon","coordinates":[[[-75.21484,40.02059],[-75.21393,40.01985],[-75.213,40.01865],[-75.2137,40.01819],[-75.21463,40.01784],[-75.21403,40.01715],[-75.21364,40.01672],[-75.21222,40.01546],[-75.21001,40.01411],[-75.20865,40.01344],[-75.20801,40.013],[-75.20752,40.01331],[-75.2069,40.01496],[-75.20714,40.01565],[-75.20697,40.01596],[-75.20722,40.01667],[-75.20562,40.01711],[-75.20425,40.01691],[-75.20375,40.01666],[-75.203,40.01753],[-75.20346,40.01873],[-75.20346,40.01908],[-75.20358,40.01957],[-75.20406,40.02021],[-75.2076,40.01954],[-75.2075,40.02333],[-75.20773,40.02378],[-75.20804,40.02311],[-75.20921,40.0219],[-75.2094,40.02187],[-75.21208,40.02068],[-75.21275,40.02154],[-75.21484,40.02059]]]}},{"type":"Feature","properties":{"GEOID":"42101021000","tract":"Tract 210","median_rent":1515.0,"households":2598.0,"renter_households":1333.0,"renter_share":0.513},"geometry":{"type":"Polygon","coordinates":[[[-75.22346,40.02415],[-75.22369,40.02371],[-75.22215,40.02261],[-75.21981,40.02199],[-75.21925,40.02172],[-75.21806,40.02094],[-75.21586,40.01921],[-75.21463,40.01784],[-75.2137,40.01819],[-75.213,40.01865],[-75.21393,40.01985],[-75.21484,40.02059],[-75.21275,40.02154],[-75.21208,40.02068],[-75.2094,40.02187],[-75.20921,40.0219],[-75.20804,40.02311],[-75.20773,40.02378],[-75.21025,40.02849],[-75.21131,40.02997],[-75.21822,40.0269],[-75.21884,40.0266],[-75.21918,40.02631],[-75.2194,40.02633],[-75.2197,40.02614],[-75.2206,40.02574],[-75.22103,40.02623],[-75.22225,40.02572],[-75.22296,40.02467],[-75.22346,40.02415]]]}},{"type":"Feature","properties":{"GEOID":"42101021100","tract":"Tract 211","median_rent":1640.0,"households":1249.0,"renter_households":394.0,"renter_share":0.315},"geometry":{"type":"Polygon","coordinates":[[[-75.21131,40.02997],[-75.21059,40.02903],[-75.20997,40.028],[-75.2075,40.02333],[-75.2076,40.01954],[-75.20406,40.02021],[-75.20448,40.02094],[-75.20322,40.02366],[-75.20284,40.02383],[-75.20298,40.0246],[-75.20273,40.02463],[-75.20239,40.02502],[-75.20195,40.02495],[-75.20185,40.02529],[-75.20255,40.02545],[-75.2025,40.02561],[-75.20323,40.02584],[-75.20401,40.02644],[-75.20562,40.02866],[-75.20341,40.02956],[-75.20481,40.03151],[-75.20557,40.03251],[-75.21131,40.02997]]]}},{"type":"Feature","properties":{"GEOID":"42101021200","tract":"Tract 212","median_rent":1471.0,"households":1228.0,"renter_households":408.0,"renter_share":0.332},"geometry":{"type":"Polygon","coordinates":[[[-75.21303,40.03941],[-75.21876,40.03665],[-75.21818,40.03637],[-75.21792,40.03616],[-75.21588,40.03406],[-75.21131,40.02997],[-75.20771,40.03157],[-75.20828,40.03376],[-75.20912,40.03562],[-75.20964,40.03657],[-75.2104,40.03751],[-75.21154,40.0384],[-75.21303,40.03941]]]}},{"type":"Feature","properties":{"GEOID":"42101021400","tract":"Tract 214","median_rent":1680.0,"households":2014.0,"renter_households":1210.0,"renter_share":0.601},"geometry":{"type":"Polygon","coordinates":[[[-75.23204,40.02804],[-75.23075,40.02731],[-75.228,40.02596],[-75.22369,40.02371],[-75.22346,40.02415],[-75.22296,40.02467],[-75.22225,40.02572],[-75.22103,40.02623],[-75.2206,40.02574],[-75.2197,40.02614],[-75.2194,40.02633],[-75.21918,40.02631],[-75.21884,40.0266],[-75.21663,40.0276],[-75.22239,40.03305],[-75.22876,40.02979],[-75.22967,40.02945],[-75.2302,40.02912],[-75.23063,40.02904],[-75.23138,40.02861],[-75.23204,40.02804]]]}},{"type":"Feature","properties":{"GEOID":"42101021500","tract":"Tract 215","median_rent":1614.0,"households":2110.0,"renter_households":724.0,"renter_share":0.343},"geometry":{"type":"Polygon","coordinates":[[[-75.22944,40.03976],[-75.23564,40.03425],[-75.23339,40.03191],[-75.23344,40.03174],[-75.23426,40.03089],[-75.23477,40.03016],[-75.23418,40.02973],[-75.23292,40.02863],[-75.23204,40.02804],[-75.23138,40.02861],[-75.23063,40.02904],[-75.2302,40.02912],[-75.22967,40.02945],[-75.22876,40.02979],[-75.22466,40.0319],[-75.22585,40.03351],[-75.21876,40.03665],[-75.2194,40.03691],[-75.22205,40.03777],[-75.22281,40.03811],[-75.22523,40.04132],[-75.22627,40.0424],[-75.22944,40.03976]]]}},{"type":"Feature","properties":{"GEOID":"42101015200","tract":"Tract 152","median_rent":961.0,"households":2341.0,"renter_households":1600.0,"renter_share":0.683},"geometry":{"type":"Polygon","coordinates":[[[-75.17376,39.98982],[-75.1758,39.98881],[-75.17467,39.98843],[-75.17404,39.98851],[-75.17534,39.98252],[-75.16551,39.98124],[-75.16418,39.98731],[-75.16923,39.98796],[-75.16889,39.98955],[-75.17368,39.99017],[-75.17376,39.98982]]]}},{"type":"Feature","properties":{"GEOID":"42101008801","tract":"Tract 88.01","median_rent":2742.0,"households":463.0,"renter_households":463.0,"renter_share":1.0},"geometry":{"type":"Polygon","coordinates":[[[-75.19962,39.95686],[-75.2008,39.95146],[-75.19724,39.95102],[-75.19612,39.95643],[-75.19962,39.95686]]]}},{"type":"Feature","properties":{"GEOID":"42101026900","tract":"Tract 269","median_rent":1002.0,"households":811.0,"renter_households":313.0,"renter_share":0.386},"geometry":{"type":"Polygon","coordinates":[[[-75.13658,40.05857],[-75.13777,40.05311],[-75.12714,40.05175],[-75.12632,40.05548],[-75.12902,40.05709],[-75.13512,40.06099],[-75.13619,40.05926],[-75.13663,40.05919],[-75.1369,40.05907],[-75.13702,40.05877],[-75.13658,40.05857]]]}},{"type":"Feature","properties":{"GEOID":"42101027100","tract":"Tract 271","median_rent":1136.0,"households":1053.0,"renter_households":275.0,"renter_share":0.261},"geometry":{"type":"Polygon","coordinates":[[[-75.12632,40.05548],[-75.1285,40.04563],[-75.12357,40.04499],[-75.12215,40.05318],[-75.12632,40.05548]]]}},{"type":"Feature","properties":{"GEOID":"42101027200","tract":"Tract 272","median_rent":1436.0,"households":1909.0,"renter_households":650.0,"renter_share":0.34},"geometry":{"type":"Polygon","coordinates":[[[-75.12215,40.05318],[-75.12357,40.04499],[-75.11694,40.04414],[-75.11481,40.04371],[-75.11412,40.04364],[-75.11383,40.04348],[-75.11377,40.0429],[-75.11354,40.04271],[-75.11324,40.0432],[-75.11307,40.04397],[-75.11232,40.04328],[-75.11206,40.04367],[-75.11196,40.04364],[-75.11189,40.04368],[-75.11106,40.04435],[-75.11098,40.04466],[-75.11112,40.04517],[-75.1112,40.04604],[-75.11127,40.04614],[-75.11114,40.04662],[-75.11099,40.04677],[-75.12215,40.05318]]]}},{"type":"Feature","properties":{"GEOID":"42101027300","tract":"Tract 273","median_rent":1323.0,"households":2383.0,"renter_households":878.0,"renter_share":0.368},"geometry":{"type":"Polygon","coordinates":[[[-75.12417,40.03261],[-75.1233,40.03289],[-75.12196,40.03373],[-75.12171,40.03347],[-75.1207,40.03365],[-75.11608,40.03304],[-75.11316,40.03651],[-75.11333,40.03662],[-75.11385,40.03729],[-75.11427,40.03897],[-75.11449,40.03941],[-75.11455,40.03975],[-75.11451,40.03993],[-75.11405,40.04043],[-75.11344,40.04151],[-75.11278,40.04212],[-75.11232,40.04328],[-75.11307,40.04397],[-75.11324,40.0432],[-75.11354,40.04271],[-75.11377,40.0429],[-75.11383,40.04348],[-75.11412,40.04364],[-75.11481,40.04371],[-75.11694,40.04414],[-75.12143,40.04473],[-75.12208,40.04166],[-75.12354,40.03872],[-75.12417,40.03261]]]}},{"type":"Feature","properties":{"GEOID":"42101017602","tract":"Tract 176.02","median_rent":1102.0,"households":1233.0,"renter_households":780.0,"renter_share":0.633},"geometry":{"type":"Polygon","coordinates":[[[-75.13852,39.99974],[-75.13871,39.99889],[-75.13191,39.99575],[-75.13099,39.99519],[-75.12972,39.99426],[-75.12708,39.99195],[-75.12692,39.99183],[-75.12663,39.99201],[-75.12664,39.99228],[-75.12538,39.99804],[-75.13852,39.99974]]]}},{"type":"Feature","properties":{"GEOID":"42101037300","tract":"Tract 373","median_rent":1765.0,"households":2734.0,"renter_households":1061.0,"renter_share":0.388},"geometry":{"type":"Polygon","coordinates":[[[-75.19399,39.90563],[-75.19352,39.90407],[-75.19347,39.90343],[-75.19387,39.90099],[-75.19379,39.89995],[-75.19359,39.8993],[-75.19335,39.89879],[-75.19243,39.8976],[-75.19194,39.89609],[-75.19065,39.89662],[-75.18999,39.89681],[-75.18955,39.89669],[-75.18854,39.89657],[-75.18718,39.89668],[-75.17724,39.89861],[-75.17656,39.89867],[-75.17496,39.89849],[-75.17356,39.90505],[-75.17354,39.90539],[-75.18339,39.90662],[-75.1828,39.90921],[-75.17285,39.90795],[-75.17266,39.90881],[-75.17081,39.90859],[-75.17053,39.9101],[-75.17,39.91002],[-75.16981,39.91133],[-75.17215,39.91166],[-75.17193,39.91235],[-75.1796,39.91332],[-75.18261,39.91357],[-75.18841,39.91434],[-75.18901,39.91456],[-75.18948,39.91484],[-75.18994,39.9153],[-75.19022,39.91588],[-75.19229,39.90643],[-75.19399,39.90563]]]}},{"type":"Feature","properties":{"GEOID":"42101037200","tract":"Tract 372","median_rent":1496.0,"households":1684.0,"renter_households":464.0,"renter_share":0.276},"geometry":{"type":"Polygon","coordinates":[[[-75.17188,39.91426],[-75.17225,39.91239],[-75.15974,39.91079],[-75.15662,39.91014],[-75.15452,39.90977],[-75.15188,39.90911],[-75.14918,39.90864],[-75.14875,39.91142],[-75.14812,39.91377],[-75.17127,39.91678],[-75.17142,39.91676],[-75.17193,39.91437],[-75.17188,39.91426]]]}},{"type":"Feature","properties":{"GEOID":"42101017800","tract":"Tract 178","median_rent":967.0,"households":2820.0,"renter_households":1437.0,"renter_share":0.51},"geometry":{"type":"Polygon","coordinates":[[[-75.11339,39.99649],[-75.12549,39.98984],[-75.12291,39.98746],[-75.12234,39.98705],[-75.12144,39.98786],[-75.12104,39.98757],[-75.12084,39.98768],[-75.12014,39.98688],[-75.11426,39.98995],[-75.11429,39.99001],[-75.11098,39.99142],[-75.10953,39.99212],[-75.11339,39.99649]]]}},{"type":"Feature","properties":{"GEOID":"42101017900","tract":"Tract 179","median_rent":1531.0,"households":2546.0,"renter_households":1216.0,"renter_share":0.478},"geometry":{"type":"Polygon","coordinates":[[[-75.12234,39.98705],[-75.12199,39.98674],[-75.11735,39.98148],[-75.1156,39.98355],[-75.11525,39.98316],[-75.10592,39.98804],[-75.10953,39.99212],[-75.11098,39.99142],[-75.11429,39.99001],[-75.11426,39.98995],[-75.12014,39.98688],[-75.12084,39.98768],[-75.12104,39.98757],[-75.12144,39.98786],[-75.12234,39.98705]]]}},{"type":"Feature","properties":{"GEOID":"42101017701","tract":"Tract 177.01","median_rent":1237.0,"households":1078.0,"renter_households":717.0,"renter_share":0.665},"geometry":{"type":"Polygon","coordinates":[[[-75.11899,39.99885],[-75.12031,39.99267],[-75.11098,39.9978],[-75.11899,39.99885]]]}},{"type":"Feature","properties":{"GEOID":"42101035601","tract":"Tract 356.01","median_rent":1278.0,"households":2308.0,"renter_households":743.0,"renter_share":0.322},"geometry":{"type":"Polygon","coordinates":[[[-75.04757,40.09192],[-75.04568,40.08902],[-75.04149,40.08734],[-75.02393,40.1007],[-75.02697,40.10151],[-75.02763,40.10176],[-75.033,40.10511],[-75.04711,40.09838],[-75.04674,40.09524],[-75.0473,40.09276],[-75.04757,40.09192]]]}},{"type":"Feature","properties":{"GEOID":"42101013402","tract":"Tract 134.02","median_rent":1732.0,"households":1792.0,"renter_households":1350.0,"renter_share":0.753},"geometry":{"type":"Polygon","coordinates":[[[-75.17211,39.96728],[-75.17285,39.96392],[-75.16623,39.96311],[-75.16535,39.96715],[-75.17211,39.96728]]]}},{"type":"Feature","properties":{"GEOID":"42101013601","tract":"Tract 136.01","median_rent":1905.0,"households":1589.0,"renter_households":552.0,"renter_share":0.347},"geometry":{"type":"Polygon","coordinates":[[[-75.18356,39.97078],[-75.18401,39.97078],[-75.1819,39.96902],[-75.18159,39.96902],[-75.17968,39.96742],[-75.17539,39.96735],[-75.17487,39.96971],[-75.18356,39.97078]]]}},{"type":"Feature","properties":{"GEOID":"42101017500","tract":"Tract 175","median_rent":929.0,"households":2657.0,"renter_households":1256.0,"renter_share":0.473},"geometry":{"type":"Polygon","coordinates":[[[-75.14673,39.99763],[-75.14789,39.99308],[-75.1402,39.99209],[-75.13767,40.00364],[-75.14396,40.0014],[-75.14772,39.99997],[-75.1469,39.99808],[-75.14682,39.9977],[-75.14673,39.99763]]]}},{"type":"Feature","properties":{"GEOID":"42101017601","tract":"Tract 176.01","median_rent":988.0,"households":1784.0,"renter_households":1107.0,"renter_share":0.621},"geometry":{"type":"Polygon","coordinates":[[[-75.13871,39.99889],[-75.1402,39.99209],[-75.12703,39.99039],[-75.12683,39.9914],[-75.12711,39.99172],[-75.12692,39.99183],[-75.1284,39.99316],[-75.13012,39.99457],[-75.13099,39.99519],[-75.13191,39.99575],[-75.13871,39.99889]]]}},{"type":"Feature","properties":{"GEOID":"42101017300","tract":"Tract 173","median_rent":1139.0,"households":1090.0,"renter_households":618.0,"renter_share":0.567},"geometry":{"type":"Polygon","coordinates":[[[-75.1659,40.00327],[-75.16757,39.99562],[-75.16354,39.99511],[-75.15881,39.99443],[-75.15459,39.99394],[-75.15361,39.99852],[-75.15822,39.99912],[-75.15831,39.99918],[-75.15737,40.0038],[-75.1605,40.00421],[-75.16084,40.00263],[-75.1659,40.00327]]]}},{"type":"Feature","properties":{"GEOID":"42101017400","tract":"Tract 174","median_rent":860.0,"households":1085.0,"renter_households":554.0,"renter_share":0.511},"geometry":{"type":"Polygon","coordinates":[[[-75.15459,39.99394],[-75.14789,39.99308],[-75.14673,39.99763],[-75.14682,39.9977],[-75.1469,39.99808],[-75.14772,39.99997],[-75.15378,39.99772],[-75.15459,39.99394]]]}},{"type":"Feature","properties":{"GEOID":"42101016800","tract":"Tract 168","median_rent":919.0,"households":1402.0,"renter_households":519.0,"renter_share":0.37},"geometry":{"type":"Polygon","coordinates":[[[-75.17318,39.99241],[-75.17368,39.99017],[-75.16889,39.98955],[-75.16923,39.98796],[-75.16418,39.98731],[-75.16294,39.99304],[-75.16428,39.99461],[-75.16409,39.99517],[-75.17077,39.99604],[-75.17159,39.9922],[-75.17318,39.99241]]]}},{"type":"Feature","properties":{"GEOID":"42101007000","tract":"Tract 70","median_rent":1312.0,"households":1492.0,"renter_households":820.0,"renter_share":0.55},"geometry":{"type":"Polygon","coordinates":[[[-75.22028,39.93957],[-75.22725,39.93466],[-75.2227,39.93081],[-75.21568,39.93569],[-75.22028,39.93957]]]}},{"type":"Feature","properties":{"GEOID":"42101029100","tract":"Tract 291","median_rent":null,"households":1662.0,"renter_households":953.0,"renter_share":0.573},"geometry":{"type":"Polygon","coordinates":[[[-75.11455,40.03975],[-75.11449,40.03941],[-75.11427,40.03897],[-75.11385,40.03729],[-75.11333,40.03662],[-75.11294,40.03637],[-75.11235,40.03573],[-75.11195,40.03487],[-75.11142,40.0345],[-75.1112,40.03426],[-75.11109,40.03399],[-75.11114,40.03393],[-75.1109,40.03356],[-75.11083,40.0335],[-75.11082,40.03354],[-75.11075,40.03332],[-75.11073,40.03312],[-75.11087,40.03278],[-75.11117,40.03092],[-75.1111,40.03013],[-75.1109,40.0296],[-75.11101,40.0289],[-75.11127,40.02849],[-75.11168,40.02807],[-75.11181,40.028],[-75.11231,40.02795],[-75.11244,40.02802],[-75.11247,40.02791],[-75.11285,40.02773],[-75.11288,40.02746],[-75.1116,40.0277],[-75.10433,40.02998],[-75.10424,40.03026],[-75.09842,40.0361],[-75.10157,40.03829],[-75.10993,40.0432],[-75.11024,40.04304],[-75.11082,40.04235],[-75.11115,40.04219],[-75.10943,40.04587],[-75.11099,40.04677],[-75.11114,40.04662],[-75.11127,40.04614],[-75.1112,40.04604],[-75.11112,40.04517],[-75.11098,40.04466],[-75.11106,40.04435],[-75.11189,40.04368],[-75.11196,40.04364],[-75.11206,40.04367],[-75.11232,40.04328],[-75.11278,40.04212],[-75.11344,40.04151],[-75.11405,40.04043],[-75.11451,40.03993],[-75.11455,40.03975]]]}},{"type":"Feature","properties":{"GEOID":"42101980100","tract":"Tract 9801","median_rent":null,"households":66.0,"renter_households":3.0,"renter_share":0.045},"geometry":{"type":"Polygon","coordinates":[[[-75.23295,40.08362],[-75.23283,40.08334],[-75.2327,40.08326],[-75.23141,40.08266],[-75.23,40.08238],[-75.22941,40.0822],[-75.22842,40.08182],[-75.22779,40.08149],[-75.22744,40.08121],[-75.22722,40.08075],[-75.22673,40.08028],[-75.22633,40.07976],[-75.22599,40.07907],[-75.22875,40.07789],[-75.23041,40.07704],[-75.22879,40.07631],[-75.22791,40.07534],[-75.22566,40.07485],[-75.2252,40.07407],[-75.227,40.07261],[-75.22715,40.07183],[-75.22809,40.07065],[-75.22665,40.07046],[-75.22377,40.06792],[-75.22354,40.06743],[-75.22511,40.06608],[-75.2248,40.06255],[-75.22596,40.06215],[-75.22345,40.05917],[-75.22493,40.05835],[-75.22645,40.05876],[-75.22714,40.05905],[-75.22849,40.06033],[-75.22967,40.05978],[-75.22732,40.05665],[-75.232,40.0544],[-75.23172,40.05408],[-75.23098,40.05359],[-75.23042,40.05337],[-75.22813,40.05288],[-75.22716,40.05253],[-75.21977,40.0491],[-75.21895,40.04867],[-75.21851,40.04834],[-75.21829,40.04812],[-75.2179,40.04742],[-75.21783,40.0471],[-75.21785,40.04434],[-75.21758,40.04332],[-75.21715,40.04256],[-75.21669,40.04201],[-75.21618,40.04156],[-75.21154,40.0384],[-75.2104,40.03751],[-75.21001,40.03709],[-75.20948,40.03633],[-75.20828,40.03376],[-75.20771,40.03157],[-75.20557,40.03251],[-75.20341,40.02956],[-75.20562,40.02866],[-75.20401,40.02644],[-75.20323,40.02584],[-75.2025,40.02561],[-75.20255,40.02545],[-75.20185,40.02529],[-75.20195,40.02495],[-75.20239,40.02502],[-75.20273,40.02463],[-75.20298,40.0246],[-75.20284,40.02383],[-75.20322,40.02366],[-75.20448,40.02094],[-75.20406,40.02021],[-75.20358,40.01957],[-75.20346,40.01908],[-75.20346,40.01873],[-75.203,40.01753],[-75.20375,40.01666],[-75.20425,40.01691],[-75.20562,40.01711],[-75.20722,40.01667],[-75.20697,40.01596],[-75.20714,40.01565],[-75.2069,40.01496],[-75.20752,40.01331],[-75.20801,40.013],[-75.2076,40.01272],[-75.20717,40.01308],[-75.20621,40.01472],[-75.20601,40.01489],[-75.20585,40.01528],[-75.20493,40.01502],[-75.20242,40.0158],[-75.20127,40.01719],[-75.19985,40.01937],[-75.19764,40.02146],[-75.19501,40.0232],[-75.19331,40.02409],[-75.19278,40.02427],[-75.19323,40.025],[-75.18746,40.0285],[-75.18601,40.02757],[-75.18569,40.02776],[-75.18606,40.02834],[-75.18546,40.02887],[-75.18738,40.03042],[-75.18906,40.03191],[-75.19079,40.03111],[-75.19186,40.03208],[-75.19265,40.03201],[-75.19334,40.03206],[-75.19413,40.03228],[-75.19702,40.03331],[-75.19753,40.03389],[-75.19782,40.03475],[-75.19823,40.03656],[-75.19859,40.03722],[-75.19961,40.03682],[-75.20285,40.0395],[-75.20325,40.03809],[-75.20316,40.03764],[-75.20555,40.03906],[-75.20594,40.04067],[-75.20509,40.04162],[-75.20528,40.04268],[-75.20505,40.04312],[-75.20573,40.04221],[-75.20702,40.0416],[-75.20817,40.04199],[-75.20876,40.04298],[-75.20878,40.04325],[-75.20994,40.04464],[-75.20976,40.04564],[-75.20986,40.04611],[-75.20886,40.04626],[-75.21002,40.04712],[-75.21034,40.04777],[-75.21134,40.04853],[-75.21207,40.04876],[-75.21279,40.04927],[-75.21293,40.0493],[-75.21338,40.04921],[-75.21412,40.04966],[-75.21487,40.05097],[-75.21553,40.05157],[-75.21682,40.0524],[-75.21714,40.05267],[-75.21733,40.0529],[-75.21773,40.05385],[-75.21793,40.05503],[-75.2179,40.0554],[-75.21751,40.05531],[-75.21716,40.05553],[-75.21676,40.05595],[-75.21635,40.05614],[-75.21578,40.05621],[-75.21498,40.05612],[-75.21449,40.05627],[-75.21403,40.0565],[-75.21342,40.05699],[-75.21283,40.0578],[-75.21255,40.05843],[-75.21257,40.05857],[-75.21296,40.05782],[-75.21401,40.0571],[-75.21579,40.05665],[-75.21656,40.05744],[-75.21687,40.05718],[-75.21733,40.05789],[-75.21703,40.05902],[-75.21882,40.05915],[-75.22054,40.06192],[-75.21985,40.06263],[-75.22077,40.06407],[-75.21851,40.06695],[-75.21563,40.06847],[-75.21519,40.06815],[-75.21441,40.06884],[-75.21598,40.06956],[-75.2162,40.06925],[-75.21715,40.06851],[-75.2189,40.06781],[-75.22254,40.07133],[-75.22135,40.07243],[-75.22227,40.07306],[-75.22128,40.07301],[-75.22008,40.07287],[-75.21575,40.07288],[-75.21516,40.07348],[-75.21698,40.07481],[-75.21654,40.07562],[-75.21575,40.07645],[-75.21656,40.07694],[-75.2172,40.07694],[-75.21843,40.07586],[-75.22226,40.0783],[-75.22151,40.07906],[-75.22163,40.07913],[-75.22307,40.07855],[-75.22419,40.07924],[-75.22463,40.0796],[-75.22414,40.08003],[-75.22554,40.08183],[-75.22726,40.08315],[-75.22677,40.08325],[-75.22772,40.08432],[-75.22804,40.08445],[-75.2286,40.08487],[-75.2305,40.08602],[-75.23295,40.08362]]]}},{"type":"Feature","properties":{"GEOID":"42101021300","tract":"Tract 213","median_rent":1138.0,"households":1645.0,"renter_households":768.0,"renter_share":0.467},"geometry":{"type":"Polygon","coordinates":[[[-75.22585,40.03351],[-75.22466,40.0319],[-75.22239,40.03305],[-75.21663,40.0276],[-75.21131,40.02997],[-75.21588,40.03406],[-75.21792,40.03616],[-75.21818,40.03637],[-75.21876,40.03665],[-75.22585,40.03351]]]}},{"type":"Feature","properties":{"GEOID":"42101030000","tract":"Tract 300","median_rent":983.0,"households":2747.0,"renter_households":1149.0,"renter_share":0.418},"geometry":{"type":"Polygon","coordinates":[[[-75.08028,40.02187],[-75.08638,40.01526],[-75.0817,40.01274],[-75.08086,40.0119],[-75.07905,40.01301],[-75.07609,40.01626],[-75.07584,40.01614],[-75.07402,40.01848],[-75.07435,40.0188],[-75.07333,40.01971],[-75.06909,40.0219],[-75.0702,40.02272],[-75.07333,40.02529],[-75.07336,40.02537],[-75.07396,40.02507],[-75.07562,40.02407],[-75.07888,40.02188],[-75.07941,40.02139],[-75.08028,40.02187]]]}},{"type":"Feature","properties":{"GEOID":"42101013300","tract":"Tract 133","median_rent":1722.0,"households":2148.0,"renter_households":1729.0,"renter_share":0.805},"geometry":{"type":"Polygon","coordinates":[[[-75.16494,39.96906],[-75.16623,39.96311],[-75.16181,39.96257],[-75.16138,39.96247],[-75.1597,39.9702],[-75.16455,39.97082],[-75.16463,39.97052],[-75.16474,39.97044],[-75.16387,39.96967],[-75.16494,39.96906]]]}},{"type":"Feature","properties":{"GEOID":"42101037900","tract":"Tract 379","median_rent":1305.0,"households":2265.0,"renter_households":501.0,"renter_share":0.221},"geometry":{"type":"Polygon","coordinates":[[[-75.10506,39.98707],[-75.10144,39.98297],[-75.08604,39.9909],[-75.0866,39.99002],[-75.08139,39.99273],[-75.08171,39.9931],[-75.08079,39.99357],[-75.08266,39.99569],[-75.0837,39.99675],[-75.08527,39.99791],[-75.08637,39.99889],[-75.09452,39.9946],[-75.09701,39.9934],[-75.09573,39.99195],[-75.10506,39.98707]]]}},{"type":"Feature","properties":{"GEOID":"42101038200","tract":"Tract 382","median_rent":1287.0,"households":1221.0,"renter_households":298.0,"renter_share":0.244},"geometry":{"type":"Polygon","coordinates":[[[-75.10971,39.99233],[-75.10506,39.98707],[-75.09573,39.99195],[-75.09701,39.9934],[-75.09452,39.9946],[-75.08637,39.99889],[-75.08689,39.99941],[-75.0874,40.0001],[-75.08763,40.00216],[-75.0881,40.0031],[-75.08857,40.00352],[-75.08891,40.0037],[-75.09191,40.00478],[-75.09214,40.00494],[-75.09279,40.00564],[-75.09291,40.00597],[-75.09283,40.00629],[-75.0923,40.00682],[-75.09213,40.00718],[-75.09224,40.00756],[-75.09257,40.00793],[-75.1042,40.00152],[-75.10008,40.00098],[-75.09795,39.9985],[-75.10971,39.99233]]]}},{"type":"Feature","properties":{"GEOID":"42101038000","tract":"Tract 380","median_rent":1282.0,"households":793.0,"renter_households":275.0,"renter_share":0.347},"geometry":{"type":"Polygon","coordinates":[[[-75.09015,40.00415],[-75.08891,40.0037],[-75.08857,40.00352],[-75.0881,40.0031],[-75.08763,40.00216],[-75.0874,40.0001],[-75.08689,39.99941],[-75.08637,39.99889],[-75.07978,40.00234],[-75.0734,40.00734],[-75.07249,40.00812],[-75.06996,40.00847],[-75.06894,40.00878],[-75.06951,40.0108],[-75.08561,40.00678],[-75.08686,40.00634],[-75.08773,40.00593],[-75.08928,40.0049],[-75.09015,40.00415]]]}},{"type":"Feature","properties":{"GEOID":"42101009100","tract":"Tract 91","median_rent":1198.0,"households":1853.0,"renter_households":1648.0,"renter_share":0.889},"geometry":{"type":"Polygon","coordinates":[[[-75.20223,39.96164],[-75.20182,39.95783],[-75.20195,39.95715],[-75.19415,39.95618],[-75.19357,39.95869],[-75.1943,39.96261],[-75.20014,39.96196],[-75.20223,39.96164]]]}},{"type":"Feature","properties":{"GEOID":"42101033600","tract":"Tract 336","median_rent":1133.0,"households":2565.0,"renter_households":1213.0,"renter_share":0.473},"geometry":{"type":"Polygon","coordinates":[[[-75.06807,40.06082],[-75.05712,40.05472],[-75.05241,40.05974],[-75.05201,40.06006],[-75.05192,40.06042],[-75.05168,40.06308],[-75.05548,40.06515],[-75.05922,40.0673],[-75.06112,40.06812],[-75.06807,40.06082]]]}},{"type":"Feature","properties":{"GEOID":"42101004202","tract":"Tract 42.02","median_rent":1639.0,"households":2092.0,"renter_households":590.0,"renter_share":0.282},"geometry":{"type":"Polygon","coordinates":[[[-75.1556,39.92001],[-75.15671,39.91487],[-75.14765,39.91371],[-75.14654,39.91884],[-75.1556,39.92001]]]}},{"type":"Feature","properties":{"GEOID":"42101012100","tract":"Tract 121","median_rent":1269.0,"households":1622.0,"renter_households":1163.0,"renter_share":0.717},"geometry":{"type":"Polygon","coordinates":[[[-75.22746,40.00075],[-75.22645,39.99897],[-75.22616,39.99821],[-75.22573,39.99666],[-75.22566,39.99585],[-75.22567,39.99035],[-75.22572,39.9893],[-75.22589,39.98813],[-75.22511,39.98758],[-75.22032,39.99029],[-75.21969,39.9914],[-75.2195,39.9919],[-75.21829,39.99405],[-75.21799,39.99422],[-75.22066,40.00394],[-75.22746,40.00075]]]}},{"type":"Feature","properties":{"GEOID":"42101024700","tract":"Tract 247","median_rent":1057.0,"households":1806.0,"renter_households":933.0,"renter_share":0.517},"geometry":{"type":"Polygon","coordinates":[[[-75.17217,40.03864],[-75.17206,40.03812],[-75.17179,40.03763],[-75.1713,40.03727],[-75.17038,40.03692],[-75.16481,40.03645],[-75.16275,40.0375],[-75.16127,40.03895],[-75.1604,40.04001],[-75.15834,40.04202],[-75.15813,40.04642],[-75.16166,40.04856],[-75.16721,40.04315],[-75.16949,40.04453],[-75.16964,40.04318],[-75.17058,40.04092],[-75.17104,40.04022],[-75.17187,40.03939],[-75.17212,40.0389],[-75.17217,40.03864]]]}},{"type":"Feature","properties":{"GEOID":"42101024900","tract":"Tract 249","median_rent":1323.0,"households":1078.0,"renter_households":441.0,"renter_share":0.409},"geometry":{"type":"Polygon","coordinates":[[[-75.16453,40.05031],[-75.15813,40.04642],[-75.15756,40.05503],[-75.15889,40.05577],[-75.16453,40.05031]]]}},{"type":"Feature","properties":{"GEOID":"42101025200","tract":"Tract 252","median_rent":879.0,"households":3713.0,"renter_households":2139.0,"renter_share":0.576},"geometry":{"type":"Polygon","coordinates":[[[-75.1834,40.04825],[-75.1822,40.04589],[-75.18126,40.04373],[-75.17776,40.0394],[-75.17073,40.04615],[-75.17218,40.04926],[-75.17289,40.05043],[-75.17798,40.05356],[-75.1834,40.04825]]]}},{"type":"Feature","properties":{"GEOID":"42101025400","tract":"Tract 254","median_rent":1142.0,"households":1916.0,"renter_households":848.0,"renter_share":0.443},"geometry":{"type":"Polygon","coordinates":[[[-75.18337,40.05922],[-75.17574,40.05458],[-75.17619,40.05582],[-75.17476,40.05728],[-75.17358,40.05655],[-75.16864,40.06137],[-75.17653,40.0659],[-75.18337,40.05922]]]}},{"type":"Feature","properties":{"GEOID":"42101037800","tract":"Tract 378","median_rent":1401.0,"households":1157.0,"renter_households":530.0,"renter_share":0.458},"geometry":{"type":"Polygon","coordinates":[[[-75.12318,39.97325],[-75.1235,39.97252],[-75.12105,39.97337],[-75.12068,39.97342],[-75.12024,39.97332],[-75.11962,39.97295],[-75.12177,39.971],[-75.12212,39.97086],[-75.1221,39.97063],[-75.12221,39.97017],[-75.12148,39.96925],[-75.12124,39.96866],[-75.11915,39.9658],[-75.11051,39.96951],[-75.10508,39.9716],[-75.10304,39.97226],[-75.09637,39.97398],[-75.09456,39.97423],[-75.08639,39.97567],[-75.08122,39.97667],[-75.0802,39.97702],[-75.07841,39.97742],[-75.07582,39.97835],[-75.07323,39.97956],[-75.0712,39.98074],[-75.07014,39.98144],[-75.06782,39.98328],[-75.07072,39.9851],[-75.0738,39.98742],[-75.07829,39.99094],[-75.07933,39.99193],[-75.08079,39.99357],[-75.08171,39.9931],[-75.08139,39.99273],[-75.0866,39.99002],[-75.08604,39.9909],[-75.09671,39.98545],[-75.11323,39.9768],[-75.11735,39.98148],[-75.1177,39.9809],[-75.11996,39.97592],[-75.12099,39.97547],[-75.12119,39.97533],[-75.12318,39.97325]]]}},{"type":"Feature","properties":{"GEOID":"42101020200","tract":"Tract 202","median_rent":934.0,"households":2104.0,"renter_households":874.0,"renter_share":0.415},"geometry":{"type":"Polygon","coordinates":[[[-75.15665,40.01462],[-75.16914,40.00883],[-75.16555,40.00486],[-75.1659,40.00327],[-75.16084,40.00263],[-75.1605,40.00421],[-75.15893,40.00401],[-75.15671,40.01412],[-75.15665,40.01462]]]}},{"type":"Feature","properties":{"GEOID":"42101020300","tract":"Tract 203","median_rent":857.0,"households":1118.0,"renter_households":519.0,"renter_share":0.464},"geometry":{"type":"Polygon","coordinates":[[[-75.14714,40.01901],[-75.15385,40.01589],[-75.15238,40.01311],[-75.15107,40.01004],[-75.14882,40.0027],[-75.1488,40.00331],[-75.14864,40.0042],[-75.14792,40.00719],[-75.14733,40.01038],[-75.14714,40.01901]]]}},{"type":"Feature","properties":{"GEOID":"42101014600","tract":"Tract 146","median_rent":1093.0,"households":1270.0,"renter_households":849.0,"renter_share":0.669},"geometry":{"type":"Polygon","coordinates":[[[-75.15878,39.97448],[-75.15662,39.9742],[-75.15689,39.97293],[-75.15219,39.97232],[-75.15066,39.97932],[-75.15758,39.98022],[-75.15878,39.97448]]]}},{"type":"Feature","properties":{"GEOID":"42101026600","tract":"Tract 266","median_rent":1328.0,"households":2838.0,"renter_households":681.0,"renter_share":0.24},"geometry":{"type":"Polygon","coordinates":[[[-75.15294,40.06612],[-75.15351,40.06428],[-75.15316,40.06414],[-75.15267,40.06357],[-75.14933,40.05868],[-75.14922,40.05843],[-75.14317,40.05814],[-75.14229,40.05794],[-75.1409,40.06424],[-75.1516,40.07033],[-75.152,40.06989],[-75.1522,40.06953],[-75.15294,40.06612]]]}},{"type":"Feature","properties":{"GEOID":"42101026700","tract":"Tract 267","median_rent":1131.0,"households":2807.0,"renter_households":721.0,"renter_share":0.257},"geometry":{"type":"Polygon","coordinates":[[[-75.15555,40.05407],[-75.14977,40.05137],[-75.14956,40.05151],[-75.14384,40.05077],[-75.14361,40.05182],[-75.14357,40.0523],[-75.14229,40.05794],[-75.14317,40.05814],[-75.14922,40.05843],[-75.14938,40.05825],[-75.15259,40.05637],[-75.15555,40.05407]]]}},{"type":"Feature","properties":{"GEOID":"42101038500","tract":"Tract 385","median_rent":1773.0,"households":924.0,"renter_households":370.0,"renter_share":0.4},"geometry":{"type":"Polygon","coordinates":[[[-75.22732,40.08424],[-75.22772,40.08432],[-75.22677,40.08325],[-75.22726,40.08315],[-75.22554,40.08183],[-75.22414,40.08003],[-75.22463,40.0796],[-75.22419,40.07924],[-75.22307,40.07855],[-75.22163,40.07913],[-75.22151,40.07906],[-75.22226,40.0783],[-75.21843,40.07586],[-75.2172,40.07694],[-75.21656,40.07694],[-75.21575,40.07645],[-75.21654,40.07562],[-75.21698,40.07481],[-75.21516,40.07348],[-75.21538,40.07326],[-75.21144,40.07092],[-75.21162,40.07075],[-75.2112,40.06881],[-75.21126,40.06853],[-75.21114,40.06832],[-75.20893,40.06702],[-75.20582,40.07011],[-75.20441,40.06942],[-75.20417,40.06959],[-75.20292,40.07085],[-75.20423,40.07168],[-75.20265,40.07321],[-75.2036,40.07433],[-75.20818,40.07704],[-75.21746,40.08057],[-75.22151,40.08322],[-75.22401,40.08422],[-75.22465,40.08436],[-75.22552,40.08441],[-75.22732,40.08424]]]}},{"type":"Feature","properties":{"GEOID":"42101038400","tract":"Tract 384","median_rent":1692.0,"households":1012.0,"renter_households":208.0,"renter_share":0.206},"geometry":{"type":"Polygon","coordinates":[[[-75.24329,40.07349],[-75.24205,40.07195],[-75.24122,40.07066],[-75.24084,40.06982],[-75.24032,40.06838],[-75.24009,40.06734],[-75.23978,40.06434],[-75.2391,40.06153],[-75.23885,40.06082],[-75.23818,40.05977],[-75.23172,40.0641],[-75.23244,40.06474],[-75.23008,40.0663],[-75.22821,40.06468],[-75.22803,40.06432],[-75.22792,40.06399],[-75.2279,40.06345],[-75.22813,40.06282],[-75.22845,40.06254],[-75.22688,40.06181],[-75.22755,40.06084],[-75.22849,40.06033],[-75.22714,40.05905],[-75.22645,40.05876],[-75.22493,40.05835],[-75.22345,40.05917],[-75.22596,40.06215],[-75.2248,40.06255],[-75.22511,40.06608],[-75.22354,40.06743],[-75.22377,40.06792],[-75.22665,40.07046],[-75.22809,40.07065],[-75.22715,40.07183],[-75.227,40.07261],[-75.2252,40.07407],[-75.22566,40.07485],[-75.22791,40.07534],[-75.22879,40.07631],[-75.23041,40.07704],[-75.22875,40.07789],[-75.22599,40.07907],[-75.22633,40.07976],[-75.22673,40.08028],[-75.22722,40.08075],[-75.22744,40.08121],[-75.22761,40.08138],[-75.22842,40.08182],[-75.22941,40.0822],[-75.23,40.08238],[-75.23141,40.08266],[-75.2327,40.08326],[-75.23283,40.08334],[-75.23295,40.08362],[-75.24329,40.07349]]]}},{"type":"Feature","properties":{"GEOID":"42101038600","tract":"Tract 386","median_rent":2156.0,"households":582.0,"renter_households":110.0,"renter_share":0.189},"geometry":{"type":"Polygon","coordinates":[[[-75.22135,40.07243],[-75.22254,40.07133],[-75.2189,40.06781],[-75.21715,40.06851],[-75.2162,40.06925],[-75.21598,40.06956],[-75.21441,40.06884],[-75.21519,40.06815],[-75.21563,40.06847],[-75.21851,40.06695],[-75.22077,40.06407],[-75.21985,40.06263],[-75.22054,40.06192],[-75.21882,40.05915],[-75.21703,40.05902],[-75.21733,40.05789],[-75.21687,40.05718],[-75.21656,40.05744],[-75.21579,40.05665],[-75.21401,40.0571],[-75.21296,40.05782],[-75.21257,40.05857],[-75.21255,40.05843],[-75.21283,40.0578],[-75.21342,40.05699],[-75.21403,40.0565],[-75.21449,40.05627],[-75.21498,40.05612],[-75.21578,40.05621],[-75.21635,40.05614],[-75.21676,40.05595],[-75.21716,40.05553],[-75.21751,40.05531],[-75.2179,40.0554],[-75.21793,40.05503],[-75.21773,40.05385],[-75.21733,40.0529],[-75.21682,40.0524],[-75.21553,40.05157],[-75.21487,40.05097],[-75.21412,40.04966],[-75.21338,40.04921],[-75.21293,40.0493],[-75.21279,40.04927],[-75.21207,40.04876],[-75.21134,40.04853],[-75.21034,40.04777],[-75.20999,40.04709],[-75.20983,40.04703],[-75.20962,40.04705],[-75.20805,40.04749],[-75.20663,40.04742],[-75.20701,40.04706],[-75.20143,40.0424],[-75.20103,40.04319],[-75.20051,40.04384],[-75.19841,40.04583],[-75.19941,40.04647],[-75.19651,40.04919],[-75.20334,40.0535],[-75.20373,40.05393],[-75.20485,40.05482],[-75.20366,40.0552],[-75.20335,40.05539],[-75.20322,40.05561],[-75.203,40.05561],[-75.20279,40.05579],[-75.2027,40.05608],[-75.20186,40.05681],[-75.2019,40.05704],[-75.20182,40.05744],[-75.20192,40.05774],[-75.20182,40.05785],[-75.20179,40.05809],[-75.20187,40.05855],[-75.20186,40.05893],[-75.20255,40.05988],[-75.20322,40.05995],[-75.20374,40.06014],[-75.20714,40.06214],[-75.20474,40.06454],[-75.20615,40.06538],[-75.20678,40.06475],[-75.20957,40.06637],[-75.20893,40.06702],[-75.21114,40.06832],[-75.21123,40.06844],[-75.2112,40.06881],[-75.21162,40.07075],[-75.21144,40.07092],[-75.21538,40.07326],[-75.21575,40.07288],[-75.22008,40.07287],[-75.22128,40.07301],[-75.22227,40.07306],[-75.22135,40.07243]]]}},{"type":"Feature","properties":{"GEOID":"42101032500","tract":"Tract 325","median_rent":1016.0,"households":2414.0,"renter_households":1019.0,"renter_share":0.422},"geometry":{"type":"Polygon","coordinates":[[[-75.0511,40.02641],[-75.04538,40.01987],[-75.0416,40.0217],[-75.03945,40.02292],[-75.03999,40.02363],[-75.03862,40.02424],[-75.04677,40.03368],[-75.04857,40.03298],[-75.05097,40.03232],[-75.04745,40.02829],[-75.0511,40.02641]]]}},{"type":"Feature","properties":{"GEOID":"42101020400","tract":"Tract 204","median_rent":1384.0,"households":1315.0,"renter_households":314.0,"renter_share":0.239},"geometry":{"type":"Polygon","coordinates":[[[-75.15903,40.0228],[-75.15802,40.02154],[-75.15609,40.01969],[-75.15479,40.01765],[-75.15385,40.01589],[-75.14714,40.01901],[-75.14711,40.02128],[-75.15903,40.0228]]]}},{"type":"Feature","properties":{"GEOID":"42101023800","tract":"Tract 238","median_rent":1207.0,"households":2335.0,"renter_households":1477.0,"renter_share":0.633},"geometry":{"type":"Polygon","coordinates":[[[-75.1888,40.03948],[-75.18803,40.03765],[-75.18792,40.03755],[-75.18813,40.03731],[-75.1884,40.03726],[-75.18123,40.0331],[-75.17643,40.03779],[-75.18117,40.04361],[-75.1822,40.04589],[-75.1888,40.03948]]]}},{"type":"Feature","properties":{"GEOID":"42101010900","tract":"Tract 109","median_rent":1217.0,"households":1137.0,"renter_households":883.0,"renter_share":0.777},"geometry":{"type":"Polygon","coordinates":[[[-75.19531,39.96805],[-75.1943,39.96261],[-75.18674,39.96345],[-75.18714,39.96462],[-75.18758,39.96533],[-75.18827,39.96591],[-75.18958,39.96676],[-75.19106,39.96741],[-75.19231,39.96772],[-75.19214,39.96689],[-75.19531,39.96805]]]}},{"type":"Feature","properties":{"GEOID":"42101024800","tract":"Tract 248","median_rent":null,"households":794.0,"renter_households":241.0,"renter_share":0.304},"geometry":{"type":"Polygon","coordinates":[[[-75.17175,40.04836],[-75.17013,40.04492],[-75.16721,40.04315],[-75.16166,40.04856],[-75.16453,40.05031],[-75.1677,40.04725],[-75.17088,40.0492],[-75.17175,40.04836]]]}},{"type":"Feature","properties":{"GEOID":"42101033500","tract":"Tract 335","median_rent":1152.0,"households":1532.0,"renter_households":767.0,"renter_share":0.501},"geometry":{"type":"Polygon","coordinates":[[[-75.06807,40.06082],[-75.07326,40.05533],[-75.06575,40.05101],[-75.05994,40.04775],[-75.05828,40.04969],[-75.06065,40.051],[-75.05712,40.05472],[-75.06807,40.06082]]]}},{"type":"Feature","properties":{"GEOID":"42101007700","tract":"Tract 77","median_rent":1201.0,"households":747.0,"renter_households":662.0,"renter_share":0.886},"geometry":{"type":"Polygon","coordinates":[[[-75.21292,39.94906],[-75.2101,39.9467],[-75.2114,39.9458],[-75.2078,39.94277],[-75.20765,39.94247],[-75.2088,39.94164],[-75.20836,39.94128],[-75.20784,39.94129],[-75.20619,39.94277],[-75.20506,39.94362],[-75.2052,39.94377],[-75.20531,39.9441],[-75.20537,39.94506],[-75.20705,39.94675],[-75.20566,39.94805],[-75.20576,39.94983],[-75.20804,39.94975],[-75.21046,39.94935],[-75.21292,39.94906]]]}},{"type":"Feature","properties":{"GEOID":"42101014000","tract":"Tract 140","median_rent":1282.0,"households":2523.0,"renter_households":1847.0,"renter_share":0.732},"geometry":{"type":"Polygon","coordinates":[[[-75.16646,39.97688],[-75.1677,39.97121],[-75.1597,39.9702],[-75.15853,39.97585],[-75.16646,39.97688]]]}},{"type":"Feature","properties":{"GEOID":"42101032600","tract":"Tract 326","median_rent":1120.0,"households":2943.0,"renter_households":590.0,"renter_share":0.2},"geometry":{"type":"Polygon","coordinates":[[[-75.04677,40.03368],[-75.03862,40.02424],[-75.03999,40.02363],[-75.03945,40.02292],[-75.03275,40.02705],[-75.0351,40.03004],[-75.04002,40.03608],[-75.04034,40.03646],[-75.04086,40.03676],[-75.04677,40.03368]]]}},{"type":"Feature","properties":{"GEOID":"42101001001","tract":"Tract 10.01","median_rent":2262.0,"households":1741.0,"renter_households":812.0,"renter_share":0.466},"geometry":{"type":"Polygon","coordinates":[[[-75.15302,39.9463],[-75.15392,39.9422],[-75.15075,39.94182],[-75.14919,39.94903],[-75.15234,39.94942],[-75.15267,39.9479],[-75.15317,39.94796],[-75.1533,39.9474],[-75.1535,39.94644],[-75.15343,39.94635],[-75.15302,39.9463]]]}},{"type":"Feature","properties":{"GEOID":"42101033000","tract":"Tract 330","median_rent":1593.0,"households":3252.0,"renter_households":1752.0,"renter_share":0.539},"geometry":{"type":"Polygon","coordinates":[[[-75.03343,40.03947],[-75.04086,40.03676],[-75.04034,40.03646],[-75.04002,40.03608],[-75.0351,40.03004],[-75.03275,40.02705],[-75.02841,40.02976],[-75.02971,40.03095],[-75.02798,40.03189],[-75.03066,40.03497],[-75.03343,40.03947]]]}},{"type":"Feature","properties":{"GEOID":"42101033300","tract":"Tract 333","median_rent":1161.0,"households":1642.0,"renter_households":844.0,"renter_share":0.514},"geometry":{"type":"Polygon","coordinates":[[[-75.05138,40.05158],[-75.0515,40.05046],[-75.05094,40.05022],[-75.05106,40.04902],[-75.05046,40.0492],[-75.04875,40.04821],[-75.04796,40.04802],[-75.04737,40.04804],[-75.04703,40.04811],[-75.04228,40.04999],[-75.04178,40.05036],[-75.04153,40.05082],[-75.04152,40.05176],[-75.04005,40.05343],[-75.04,40.05441],[-75.03872,40.05643],[-75.03859,40.05769],[-75.03865,40.05841],[-75.03854,40.06086],[-75.03908,40.06167],[-75.04174,40.06466],[-75.04206,40.06472],[-75.04444,40.05946],[-75.04482,40.05899],[-75.05062,40.05315],[-75.05126,40.05207],[-75.05138,40.05158]]]}},{"type":"Feature","properties":{"GEOID":"42101033400","tract":"Tract 334","median_rent":1253.0,"households":2112.0,"renter_households":1019.0,"renter_share":0.482},"geometry":{"type":"Polygon","coordinates":[[[-75.05241,40.05974],[-75.06065,40.051],[-75.05828,40.04969],[-75.05994,40.04775],[-75.05465,40.04464],[-75.05246,40.04673],[-75.05195,40.04744],[-75.05169,40.04821],[-75.05138,40.05158],[-75.05126,40.05207],[-75.05082,40.05291],[-75.04951,40.05432],[-75.04451,40.05936],[-75.04499,40.05937],[-75.0463,40.06004],[-75.05168,40.06308],[-75.05192,40.06042],[-75.05201,40.06006],[-75.05241,40.05974]]]}},{"type":"Feature","properties":{"GEOID":"42101033800","tract":"Tract 338","median_rent":1096.0,"households":2528.0,"renter_households":1046.0,"renter_share":0.414},"geometry":{"type":"Polygon","coordinates":[[[-75.08416,40.06344],[-75.08573,40.06259],[-75.07326,40.05533],[-75.06304,40.06614],[-75.06736,40.06873],[-75.06784,40.06896],[-75.06992,40.06812],[-75.08235,40.06417],[-75.08416,40.06344]]]}},{"type":"Feature","properties":{"GEOID":"42101033900","tract":"Tract 339","median_rent":966.0,"households":1449.0,"renter_households":695.0,"renter_share":0.48},"geometry":{"type":"Polygon","coordinates":[[[-75.09673,40.06899],[-75.08573,40.06259],[-75.08475,40.06316],[-75.08296,40.06395],[-75.08109,40.06459],[-75.07718,40.06578],[-75.07767,40.06597],[-75.07805,40.06636],[-75.08097,40.06797],[-75.07966,40.0692],[-75.08325,40.07121],[-75.08415,40.07182],[-75.08444,40.07198],[-75.08504,40.07214],[-75.09032,40.07511],[-75.09365,40.07175],[-75.09384,40.07183],[-75.09673,40.06899]]]}},{"type":"Feature","properties":{"GEOID":"42101034000","tract":"Tract 340","median_rent":1190.0,"households":1214.0,"renter_households":123.0,"renter_share":0.101},"geometry":{"type":"Polygon","coordinates":[[[-75.07101,40.07768],[-75.08097,40.06797],[-75.07805,40.06636],[-75.07767,40.06597],[-75.07718,40.06578],[-75.06992,40.06812],[-75.06784,40.06896],[-75.07041,40.07022],[-75.06886,40.07184],[-75.06898,40.07202],[-75.06896,40.07236],[-75.06782,40.0741],[-75.06733,40.0755],[-75.06791,40.07598],[-75.06855,40.07629],[-75.07101,40.07768]]]}},{"type":"Feature","properties":{"GEOID":"42101034100","tract":"Tract 341","median_rent":1136.0,"households":2742.0,"renter_households":1238.0,"renter_share":0.451},"geometry":{"type":"Polygon","coordinates":[[[-75.08691,40.07865],[-75.09032,40.07511],[-75.08938,40.07454],[-75.08504,40.07214],[-75.08444,40.07198],[-75.08415,40.07182],[-75.08325,40.07121],[-75.07966,40.0692],[-75.07101,40.07768],[-75.07884,40.08205],[-75.08213,40.08311],[-75.08246,40.08288],[-75.08686,40.07863],[-75.08691,40.07865]]]}},{"type":"Feature","properties":{"GEOID":"42101032900","tract":"Tract 329","median_rent":1139.0,"households":1891.0,"renter_households":679.0,"renter_share":0.359},"geometry":{"type":"Polygon","coordinates":[[[-75.03343,40.03947],[-75.03066,40.03497],[-75.02798,40.03189],[-75.02971,40.03095],[-75.02841,40.02976],[-75.02172,40.03392],[-75.02189,40.03411],[-75.02195,40.03435],[-75.02135,40.03544],[-75.0213,40.03582],[-75.02134,40.03607],[-75.02204,40.03753],[-75.02212,40.03806],[-75.02209,40.03845],[-75.02186,40.03952],[-75.02072,40.0425],[-75.02064,40.04316],[-75.0205,40.04354],[-75.02185,40.04368],[-75.03343,40.03947]]]}},{"type":"Feature","properties":{"GEOID":"42101003002","tract":"Tract 30.02","median_rent":1775.0,"households":1570.0,"renter_households":772.0,"renter_share":0.492},"geometry":{"type":"Polygon","coordinates":[[[-75.17397,39.93497],[-75.17476,39.93131],[-75.16842,39.93046],[-75.16764,39.93415],[-75.17397,39.93497]]]}},{"type":"Feature","properties":{"GEOID":"42101031300","tract":"Tract 313","median_rent":1383.0,"households":2382.0,"renter_households":1113.0,"renter_share":0.467},"geometry":{"type":"Polygon","coordinates":[[[-75.07264,40.04439],[-75.07739,40.03946],[-75.07016,40.03542],[-75.0635,40.03698],[-75.06306,40.03714],[-75.06243,40.03748],[-75.06154,40.03821],[-75.07264,40.04439]]]}},{"type":"Feature","properties":{"GEOID":"42101031600","tract":"Tract 316","median_rent":1536.0,"households":2060.0,"renter_households":728.0,"renter_share":0.353},"geometry":{"type":"Polygon","coordinates":[[[-75.06443,40.03674],[-75.06315,40.03096],[-75.06302,40.03078],[-75.06275,40.02949],[-75.06283,40.02941],[-75.06272,40.02935],[-75.06243,40.02798],[-75.06239,40.02744],[-75.05923,40.02791],[-75.05867,40.02814],[-75.05666,40.02906],[-75.05608,40.02946],[-75.0548,40.03064],[-75.05338,40.03165],[-75.05097,40.03232],[-75.05987,40.03727],[-75.06104,40.03798],[-75.06154,40.03821],[-75.06213,40.03769],[-75.06271,40.03732],[-75.0635,40.03698],[-75.06443,40.03674]]]}},{"type":"Feature","properties":{"GEOID":"42101031700","tract":"Tract 317","median_rent":1411.0,"households":2382.0,"renter_households":637.0,"renter_share":0.267},"geometry":{"type":"Polygon","coordinates":[[[-75.07549,40.02707],[-75.07537,40.02704],[-75.07336,40.02537],[-75.06709,40.02678],[-75.06239,40.02744],[-75.06243,40.02798],[-75.06272,40.02935],[-75.06283,40.02941],[-75.06275,40.02949],[-75.06302,40.03078],[-75.06315,40.03096],[-75.06443,40.03674],[-75.07081,40.03528],[-75.07304,40.03129],[-75.07432,40.02847],[-75.07549,40.02707]]]}},{"type":"Feature","properties":{"GEOID":"42101031800","tract":"Tract 318","median_rent":1129.0,"households":1762.0,"renter_households":592.0,"renter_share":0.336},"geometry":{"type":"Polygon","coordinates":[[[-75.08427,40.03217],[-75.08409,40.03183],[-75.0842,40.03144],[-75.07721,40.02749],[-75.07549,40.02707],[-75.07432,40.02847],[-75.07304,40.03129],[-75.07081,40.03528],[-75.08427,40.03217]]]}},{"type":"Feature","properties":{"GEOID":"42101032000","tract":"Tract 320","median_rent":1560.0,"households":2505.0,"renter_households":751.0,"renter_share":0.3},"geometry":{"type":"Polygon","coordinates":[[[-75.06239,40.02744],[-75.06242,40.02714],[-75.05751,40.0216],[-75.0536,40.02362],[-75.05449,40.02465],[-75.04745,40.02829],[-75.05097,40.03232],[-75.05338,40.03165],[-75.0548,40.03064],[-75.05608,40.02946],[-75.05666,40.02906],[-75.05867,40.02814],[-75.05923,40.02791],[-75.06239,40.02744]]]}},{"type":"Feature","properties":{"GEOID":"42101032100","tract":"Tract 321","median_rent":1349.0,"households":1629.0,"renter_households":867.0,"renter_share":0.532},"geometry":{"type":"Polygon","coordinates":[[[-75.06381,40.0182],[-75.06511,40.01751],[-75.06141,40.01328],[-75.06134,40.01276],[-75.05845,40.01365],[-75.0569,40.0142],[-75.05282,40.01612],[-75.0534,40.01691],[-75.05751,40.0216],[-75.06355,40.01848],[-75.06381,40.0182]]]}},{"type":"Feature","properties":{"GEOID":"42101013100","tract":"Tract 131","median_rent":1036.0,"households":811.0,"renter_households":687.0,"renter_share":0.847},"geometry":{"type":"Polygon","coordinates":[[[-75.15302,39.96855],[-75.15431,39.96261],[-75.15338,39.96251],[-75.14803,39.96227],[-75.14715,39.96713],[-75.15302,39.96855]]]}},{"type":"Feature","properties":{"GEOID":"42101013500","tract":"Tract 135","median_rent":1947.0,"households":1813.0,"renter_households":739.0,"renter_share":0.408},"geometry":{"type":"Polygon","coordinates":[[[-75.17437,39.97204],[-75.17539,39.96735],[-75.16535,39.96715],[-75.16494,39.96906],[-75.16387,39.96967],[-75.16474,39.97044],[-75.16463,39.97052],[-75.16455,39.97082],[-75.17437,39.97204]]]}},{"type":"Feature","properties":{"GEOID":"42101031401","tract":"Tract 314.01","median_rent":1738.0,"households":2146.0,"renter_households":1233.0,"renter_share":0.575},"geometry":{"type":"Polygon","coordinates":[[[-75.06605,40.05118],[-75.07264,40.04439],[-75.06558,40.04044],[-75.06193,40.04411],[-75.06446,40.04552],[-75.06137,40.04858],[-75.06605,40.05118]]]}},{"type":"Feature","properties":{"GEOID":"42101013401","tract":"Tract 134.01","median_rent":2164.0,"households":1833.0,"renter_households":668.0,"renter_share":0.364},"geometry":{"type":"Polygon","coordinates":[[[-75.17968,39.96742],[-75.17751,39.96538],[-75.17622,39.96441],[-75.17285,39.96392],[-75.17211,39.96728],[-75.17968,39.96742]]]}},{"type":"Feature","properties":{"GEOID":"42101018002","tract":"Tract 180.02","median_rent":1248.0,"households":2345.0,"renter_households":542.0,"renter_share":0.231},"geometry":{"type":"Polygon","coordinates":[[[-75.11122,39.98527],[-75.10946,39.98254],[-75.10883,39.98167],[-75.11052,39.98079],[-75.10897,39.97902],[-75.10144,39.98297],[-75.10592,39.98804],[-75.11122,39.98527]]]}},{"type":"Feature","properties":{"GEOID":"42101013800","tract":"Tract 138","median_rent":1827.0,"households":951.0,"renter_households":616.0,"renter_share":0.648},"geometry":{"type":"Polygon","coordinates":[[[-75.17917,39.97999],[-75.18073,39.97284],[-75.17786,39.97248],[-75.17785,39.97425],[-75.17378,39.97468],[-75.17313,39.97775],[-75.1747,39.97794],[-75.17439,39.97938],[-75.17917,39.97999]]]}},{"type":"Feature","properties":{"GEOID":"42101013900","tract":"Tract 139","median_rent":1111.0,"households":1366.0,"renter_households":961.0,"renter_share":0.704},"geometry":{"type":"Polygon","coordinates":[[[-75.17785,39.97425],[-75.17786,39.97248],[-75.1677,39.97121],[-75.16616,39.97831],[-75.17439,39.97938],[-75.1747,39.97794],[-75.17313,39.97775],[-75.17378,39.97468],[-75.17785,39.97425]]]}},{"type":"Feature","properties":{"GEOID":"42101014100","tract":"Tract 141","median_rent":878.0,"households":1450.0,"renter_households":1146.0,"renter_share":0.79},"geometry":{"type":"Polygon","coordinates":[[[-75.15878,39.97448],[-75.1597,39.9702],[-75.14715,39.96713],[-75.14608,39.97283],[-75.15191,39.97359],[-75.15219,39.97232],[-75.15534,39.97273],[-75.15689,39.97293],[-75.15662,39.9742],[-75.15878,39.97448]]]}}]}